{
	"format_version": "1.10.0",
	"minecraft:client_entity": {
		"description": {
			"identifier": "dragon:hynas",
			"materials": {
				"default": "entity_alphatest"
			},
			"textures": {
				"default": "textures/entity/hynas"
			},
			"geometry": {
				"default": "geometry.hynas"
			},
			"render_controllers": ["controller.render.default"],
			"spawn_egg": {
				"base_color": "#2a6fb5",
				"overlay_color": "#0a3594"
			},
			"animations":{
				"move": "controller.animation.giardo.move",
				"attack": "animation.giardo.attack",
				"sit":"animation.hynas.sit",
				"always":"animation.giardo.always",
				"walk": "animation.giardo.walk"
			},
			"scripts": {
				"animate": [
					{"move": "query.is_moving"},
					{"attack":"query.has_target"},
					{"sit":"query.is_sitting"},
					"always"
				]
			},
			"particle_effects": {
				"waterf": "dragon:waterf"
			}

		}
	}
}