{
	"format_version": "1.10.0",
	"minecraft:client_entity": {
		"description": {
			"identifier": "dragon:kavili",
			"materials": {
				"default": "entity_alphatest"
			},
			"textures": {
				"default": "textures/entity/kavili"
			},
			"geometry": {
				"default": "geometry.kavili"
			},
			"render_controllers": ["controller.render.default"],
			"spawn_egg": {
				"texture": "kavili_spawn_egg"
			},
			"animations":{
				"move": "controller.animation.kavili.move",
				"attack": "animation.kavili.attack",
				"sit":"animation.kavili.sit",
				"always":"animation.kavili.always",
				"walk": "animation.kavili.walk",
				"attack_g": "animation.kavili.attack_g"
			},
			"scripts": {
				"animate": [
					{"move": "query.is_moving"},
					{"attack":"query.has_target"},
					{"sit":"query.is_sitting"},
					"always"
				]
			},
			"particle_effects": {
				"goldf": "dragon:goldf"
			}

		}
	}
}