{
    "pools": [
        {
            "rolls": 1,
            "entries": [
                {
                    "type": "item",
                    "name": "minecraft:rotten_flesh",
                    "weight": 1,
                    "functions": [
                        {
                            "function": "set_count",
                            "count": {
                                "min": 0,
                                "max": 2
                            }
                        },
                        {
                            "function": "looting_enchant",
                            "count": {
                                "min": 0,
                                "max": 1
                            }
                        }
                    ]
                }
            ]
        },
        {
            "conditions": [
                {
                    "condition": "killed_by_player_or_pets"
                },
                {
                    "condition": "random_chance_with_looting",
                    "chance": 0.025,
                    "looting_multiplier": 0.01
                }
            ],
            "rolls": 1,
            "entries": [
                {
                    "type": "item",
                    "name": "minecraft:iron_ingot",
                    "weight": 1
                },
                {
                    "type": "item",
                    "name": "minecraft:carrot",
                    "weight": 1
                },
                {
                    "type": "item",
                    "name": "minecraft:potato",
                    "weight": 1
                },
                {
                    "type": "item",
                    "name": "dragon:fire_energy",
                    "weight": 1,
                    "functions": [
                        {
                            "function": "set_count",
                            "count": {
                                "min": 1,
                                "max": 5
                            }
                        }
                    ]
                },
                {
                    "type": "item",
                    "name": "dragon:light_energy",
                    "weight": 1,
                    "functions": [
                        {
                            "function": "set_count",
                            "count": {
                                "min": 1,
                                "max": 5
                            }
                        }
                    ]
                },                {
                    "type": "item",
                    "name": "dragon:earth_energy",
                    "weight": 1,
                    "functions": [
                        {
                            "function": "set_count",
                            "count": {
                                "min": 1,
                                "max": 5
                            }
                        }
                    ]
                },                {
                    "type": "item",
                    "name": "dragon:gold_energy",
                    "weight": 1,
                    "functions": [
                        {
                            "function": "set_count",
                            "count": {
                                "min": 1,
                                "max": 5
                            }
                        }
                    ]
                },                {
                    "type": "item",
                    "name": "dragon:water_energy",
                    "weight": 1,
                    "functions": [
                        {
                            "function": "set_count",
                            "count": {
                                "min": 1,
                                "max": 5
                            }
                        }
                    ]
                },                {
                    "type": "item",
                    "name": "dragon:tree_energy",
                    "weight": 1,
                    "functions": [
                        {
                            "function": "set_count",
                            "count": {
                                "min": 1,
                                "max": 5
                            }
                        }
                    ]
                }
            ]
        },
        {
            "conditions": [
                {
                    "condition": "killed_by_player_or_pets"
                },
                {
                    "condition": "random_chance_with_looting",
                    "chance": 0.01,
                    "looting_multiplier": 0.01
                }
            ],
            "rolls": 1,
            "entries": [
                {
                    "type": "item",
                    "name": "dragon:fire_core",
                    "weight": 1
                },
                {
                    "type": "item",
                    "name": "dragon:earth_core",
                    "weight": 1
                },                {
                    "type": "item",
                    "name": "dragon:tree_core",
                    "weight": 1
                },                {
                    "type": "item",
                    "name": "dragon:water_core",
                    "weight": 1
                },                {
                    "type": "item",
                    "name": "dragon:gold_core",
                    "weight": 1
                },                {
                    "type": "item",
                    "name": "dragon:light_core",
                    "weight": 1
                }
            ]
        }

    ]
}