{
	"format_version": "1.8.0",
	"animations": {
		"animation.reguman_v2.always": {
			"loop": true,
			"animation_length": 2,
			"bones": {
				"head": {
					"rotation": {
						"0.0": [0, 0, 0],
						"1.0": [7.5, 0, 0],
						"2.0": [0, 0, 0]
					}
				},
				"rightarm": {
					"rotation": {
						"0.0": [0, 0, 0],
						"1.0": [0, 0, 5],
						"2.0": [0, 0, 0]
					},
					"position": [0, 0, 0]
				},
				"rightarm2": {
					"rotation": {
						"0.0": [0, 0, 0],
						"1.0": [-20, 0, 0],
						"2.0": [0, 0, 0]
					}
				},
				"leftarm": {
					"rotation": {
						"0.0": [0, 0, 0],
						"1.0": [0, 0, -5],
						"2.0": [0, 0, 0]
					}
				},
				"leftarm2": {
					"rotation": {
						"0.0": [0, 0, 0],
						"1.0": [-15, 0, 0],
						"2.0": [0, 0, 0]
					}
				},
				"tail": {
					"rotation": {
						"0.0": [0, 0, 0],
						"1.0": [12.5, 0, 0],
						"2.0": [0, 0, 0]
					}
				},
				"wingR": {
					"rotation": {
						"0.0": [0, 0, 0],
						"1.0": [0, -17.5, 0],
						"2.0": [0, 0, 0]
					}
				},
				"wingL": {
					"rotation": {
						"0.0": [0, 0, 0],
						"1.0": [0, 15, 0],
						"2.0": [0, 0, 0]
					}
				}
			}
		}
	}
}