{
	"format_version": "1.8.0",
	"animations": {
		"animation.reguman_v2.born": {
			"loop": "hold_on_last_frame",
			"animation_length": 0.58333,
			"bones": {
				"total": {
					"rotation": {
						"0.0": [0, 0, 0],
						"0.2083": [2.5, 0, 0],
						"0.5833": [0, 0, 0]
					},
					"position": {
						"0.0": [0, 12, 0],
						"0.2083": [0, -7, 0],
						"0.5833": [0, 0, 0]
					}
				},
				"rightarm": {
					"rotation": {
						"0.0": [-103.78922, 15.68541, 16.33629],
						"0.2083": [41.21, 15.69, 16.34],
						"0.5833": [0, 0, 0]
					}
				},
				"rightarm2": {
					"rotation": {
						"0.0": [0, 0, -12.5],
						"0.5833": [0, 0, 0]
					}
				},
				"leftarm": {
					"rotation": {
						"0.0": [-100.40929, -22.05529, -13.75016],
						"0.2083": [37.09, -22.06, -13.75],
						"0.5833": [0, 0, 0]
					}
				},
				"leftarm2": {
					"rotation": {
						"0.0": [0, 0, 7.5],
						"0.5833": [0, 0, 0]
					}
				},
				"body": {
					"rotation": [0, 0, 0]
				},
				"body2": {
					"rotation": {
						"0.0": [0, 0, 0],
						"0.2083": [0, 0, 7.5],
						"0.5833": [0, 0, 0]
					}
				},
				"body1": {
					"rotation": {
						"0.0": [0, 0, 0],
						"0.2083": [0, 0, 7.5],
						"0.5833": [0, 0, 0]
					}
				},
				"leg": {
					"rotation": {
						"0.2083": [0, 0, 0],
						"0.5833": [0, 0, 0]
					}
				},
				"rightleg": {
					"rotation": {
						"0.0": [0, 0, 5],
						"0.2083": [-4.83045, -1.29256, -42.44548],
						"0.5833": [0, 0, 0]
					}
				},
				"rightleg2": {
					"rotation": {
						"0.0": [0, 0, 0],
						"0.2083": [0, 0, 67.5],
						"0.5833": [0, 0, 0]
					}
				},
				"feetright": {
					"rotation": {
						"0.0": [0, 0, 2.5],
						"0.2083": [0, 0, -7.5]
					}
				},
				"leftleg": {
					"rotation": {
						"0.0": [0, 0, -25],
						"0.2083": [5, 0, -52.5],
						"0.5833": [0, 0, 0]
					}
				},
				"leftleg2": {
					"rotation": {
						"0.0": [0, 0, 60],
						"0.2083": [0, 0, 75],
						"0.5833": [0, 0, 0]
					},
					"position": [0, 0, 0]
				},
				"chibang": {
					"rotation": {
						"0.0": [0, 0, 0],
						"0.2083": [17.5, 0, 0],
						"0.5833": [0, 0, 0]
					}
				},
				"tail": {
					"rotation": {
						"0.0": [0, 0, 0],
						"0.2083": [30, 0, 0],
						"0.5833": [0, 0, 0]
					}
				},
				"head": {
					"rotation": {
						"0.2083": [12.5, 0, 0],
						"0.5833": [0, 0, 0]
					}
				}
			}
		}
	}
}