{
	"format_version": "1.8.0",
	"animations": {
		"animation.reguman_v2.walk": {
			"loop": true,
			"animation_length": 1.1111,
			"anim_time_update": "v.update_time",
			"bones": {
				"spine": {
					"rotation": {
						"0.0": {
							"post": [0, 0, 0],
							"lerp_mode": "catmullrom"
						},
						"0.2778": {
							"post": [-5, 0, -2.5],
							"lerp_mode": "catmullrom"
						},
						"0.5556": {
							"post": [0, 0, 0],
							"lerp_mode": "catmullrom"
						},
						"0.8333": {
							"post": [-5, 0, 2.5],
							"lerp_mode": "catmullrom"
						},
						"1.1111": [0, 0, 0]
					},
					"position": {
						"0.0": {
							"post": [0, -1, 0],
							"lerp_mode": "catmullrom"
						},
						"0.2778": {
							"post": [0, 1, 0],
							"lerp_mode": "catmullrom"
						},
						"0.5556": {
							"post": [0, -1, 0],
							"lerp_mode": "catmullrom"
						},
						"0.8333": {
							"post": [0, 1, 0],
							"lerp_mode": "catmullrom"
						},
						"1.1111": [0, -1, 0]
					}
				},
				"body": {
					"rotation": {
						"0.0": {
							"post": [0, 0, 0],
							"lerp_mode": "catmullrom"
						},
						"0.3241": {
							"post": [-2.5, 0, 0],
							"lerp_mode": "catmullrom"
						},
						"0.5556": {
							"post": [0, 0, 0],
							"lerp_mode": "catmullrom"
						},
						"0.8796": {
							"post": [-2.5, 0, 0],
							"lerp_mode": "catmullrom"
						},
						"1.1111": [0, 0, 0]
					}
				},
				"chest": {
					"rotation": {
						"0.0": {
							"post": [0, 0, 0],
							"lerp_mode": "catmullrom"
						},
						"0.2778": {
							"post": [-5, 0, -5],
							"lerp_mode": "catmullrom"
						},
						"0.5556": {
							"post": [0, 0, 0],
							"lerp_mode": "catmullrom"
						},
						"0.8333": {
							"post": [-5, 0, 5],
							"lerp_mode": "catmullrom"
						},
						"1.1111": [0, 0, 0]
					}
				},
				"tail": {
					"rotation": {
						"0.0": {
							"post": [0, 5, 2.5],
							"lerp_mode": "catmullrom"
						},
						"0.2778": {
							"post": [-2.5, -0.62, -0.31],
							"lerp_mode": "catmullrom"
						},
						"0.5556": {
							"post": [0, -5, -2.5],
							"lerp_mode": "catmullrom"
						},
						"0.8333": {
							"post": [-2.5, -0.27, -0.14],
							"lerp_mode": "catmullrom"
						},
						"1.1111": [0, 5, 2.5]
					}
				},
				"tail1": {
					"rotation": {
						"0.0": {
							"post": [-0.14, 4.74, 2.37],
							"lerp_mode": "catmullrom"
						},
						"0.0231": {
							"post": [0, 5, 2.5],
							"lerp_mode": "catmullrom"
						},
						"0.3009": {
							"post": [-2.5, -0.62, -0.31],
							"lerp_mode": "catmullrom"
						},
						"0.5787": {
							"post": [0, -5, -2.5],
							"lerp_mode": "catmullrom"
						},
						"0.8565": {
							"post": [-2.5, -0.27, -0.14],
							"lerp_mode": "catmullrom"
						},
						"1.1111": [-0.14, 4.74, 2.37]
					}
				},
				"tail3": {
					"rotation": {
						"0.0": {
							"post": [-0.33, 4.42, 2.21],
							"lerp_mode": "catmullrom"
						},
						"0.0463": {
							"post": [0, 5, 2.5],
							"lerp_mode": "catmullrom"
						},
						"0.3241": {
							"post": [-2.5, -0.62, -0.31],
							"lerp_mode": "catmullrom"
						},
						"0.6019": {
							"post": [0, -5, -2.5],
							"lerp_mode": "catmullrom"
						},
						"0.8796": {
							"post": [-2.5, -0.27, -0.14],
							"lerp_mode": "catmullrom"
						},
						"1.1111": [-0.33, 4.42, 2.21]
					}
				},
				"tail4": {
					"rotation": {
						"0.0": {
							"post": [-0.83, 3.61, 1.81],
							"lerp_mode": "catmullrom"
						},
						"0.0926": {
							"post": [0, 5, 2.5],
							"lerp_mode": "catmullrom"
						},
						"0.3704": {
							"post": [-2.5, -0.62, -0.31],
							"lerp_mode": "catmullrom"
						},
						"0.6481": {
							"post": [0, -5, -2.5],
							"lerp_mode": "catmullrom"
						},
						"0.9259": {
							"post": [-2.5, -0.27, -0.14],
							"lerp_mode": "catmullrom"
						},
						"1.1111": [-0.83, 3.61, 1.81]
					}
				},
				"tail5": {
					"rotation": {
						"0.0": {
							"post": [-1.12, 3.15, 1.57],
							"lerp_mode": "catmullrom"
						},
						"0.1157": {
							"post": [0, 5, 2.5],
							"lerp_mode": "catmullrom"
						},
						"0.3935": {
							"post": [-2.5, -0.62, -0.31],
							"lerp_mode": "catmullrom"
						},
						"0.6713": {
							"post": [0, -5, -2.5],
							"lerp_mode": "catmullrom"
						},
						"0.9491": {
							"post": [-2.5, -0.27, -0.14],
							"lerp_mode": "catmullrom"
						},
						"1.1111": [-1.12, 3.15, 1.57]
					}
				},
				"tail6": {
					"rotation": {
						"0.0": {
							"post": [-1.41, 2.66, 1.33],
							"lerp_mode": "catmullrom"
						},
						"0.1389": {
							"post": [0, 5, 2.5],
							"lerp_mode": "catmullrom"
						},
						"0.4167": {
							"post": [-2.5, -0.62, -0.31],
							"lerp_mode": "catmullrom"
						},
						"0.6944": {
							"post": [0, -5, -2.5],
							"lerp_mode": "catmullrom"
						},
						"0.9722": {
							"post": [-2.5, -0.27, -0.14],
							"lerp_mode": "catmullrom"
						},
						"1.1111": [-1.41, 2.66, 1.33]
					}
				},
				"tail7": {
					"rotation": {
						"0.0": {
							"post": [-1.69, 2.15, 1.07],
							"lerp_mode": "catmullrom"
						},
						"0.162": {
							"post": [0, 5, 2.5],
							"lerp_mode": "catmullrom"
						},
						"0.4398": {
							"post": [-2.5, -0.62, -0.31],
							"lerp_mode": "catmullrom"
						},
						"0.7176": {
							"post": [0, -5, -2.5],
							"lerp_mode": "catmullrom"
						},
						"0.9954": {
							"post": [-2.5, -0.27, -0.14],
							"lerp_mode": "catmullrom"
						},
						"1.1111": [-1.69, 2.15, 1.07]
					}
				},
				"neck2": {
					"rotation": {
						"0.0": {
							"post": [-0.14, 0, 0.11],
							"lerp_mode": "catmullrom"
						},
						"0.0231": {
							"post": [0, 0, 0],
							"lerp_mode": "catmullrom"
						},
						"0.3009": {
							"post": [-2.5, 0, -2],
							"lerp_mode": "catmullrom"
						},
						"0.5787": {
							"post": [0, 0, 0],
							"lerp_mode": "catmullrom"
						},
						"0.8565": {
							"post": [-2.5, 0, 2],
							"lerp_mode": "catmullrom"
						},
						"1.1111": [-0.14, 0, 0.11]
					}
				},
				"neck3": {
					"rotation": {
						"0.0": {
							"post": [-0.33, 0, 0.26],
							"lerp_mode": "catmullrom"
						},
						"0.0463": {
							"post": [0, 0, 0],
							"lerp_mode": "catmullrom"
						},
						"0.3241": {
							"post": [-2.5, 0, -2],
							"lerp_mode": "catmullrom"
						},
						"0.6019": {
							"post": [0, 0, 0],
							"lerp_mode": "catmullrom"
						},
						"0.8796": {
							"post": [-2.5, 0, 2],
							"lerp_mode": "catmullrom"
						},
						"1.1111": [-0.33, 0, 0.26]
					}
				},
				"neck4": {
					"rotation": {
						"0.0": {
							"post": [-1.13, 0, 0.45],
							"lerp_mode": "catmullrom"
						},
						"0.0694": {
							"post": [0, 0, 0],
							"lerp_mode": "catmullrom"
						},
						"0.3472": {
							"post": [-5, 0, -2],
							"lerp_mode": "catmullrom"
						},
						"0.625": {
							"post": [0, 0, 0],
							"lerp_mode": "catmullrom"
						},
						"0.9028": {
							"post": [-5, 0, 2],
							"lerp_mode": "catmullrom"
						},
						"1.1111": [-1.13, 0, 0.45]
					}
				},
				"head": {
					"rotation": {
						"0.0": {
							"post": [-0.83, 0, -1.67],
							"lerp_mode": "catmullrom"
						},
						"0.0926": {
							"post": [0, 0, 0],
							"lerp_mode": "catmullrom"
						},
						"0.3704": {
							"post": [-1.5, 0, 2.5],
							"lerp_mode": "catmullrom"
						},
						"0.6481": {
							"post": [0, 0, 0],
							"lerp_mode": "catmullrom"
						},
						"0.9259": {
							"post": [-1.5, 0, -2.5],
							"lerp_mode": "catmullrom"
						},
						"1.1111": [-0.83, 0, -1.67]
					}
				},
				"legBL": {
					"rotation": {
						"0.0": {
							"post": [-15, 0, 0],
							"lerp_mode": "catmullrom"
						},
						"0.2778": {
							"post": [0, 0, 0],
							"lerp_mode": "catmullrom"
						},
						"0.5556": {
							"post": [30, 0, 0],
							"lerp_mode": "catmullrom"
						},
						"1.1111": [-15, 0, 0]
					},
					"position": {
						"0.0": {
							"post": [0, 1, -1],
							"lerp_mode": "catmullrom"
						},
						"0.1389": {
							"post": [0, -1.75, -0.69],
							"lerp_mode": "catmullrom"
						},
						"0.2778": {
							"post": [0, -2.66, 0],
							"lerp_mode": "catmullrom"
						},
						"0.4167": {
							"post": [0, -2.74, 1.73],
							"lerp_mode": "catmullrom"
						},
						"0.5556": {
							"post": [0, -3.5, 3],
							"lerp_mode": "catmullrom"
						},
						"0.8333": {
							"post": [0, 1.13, 0],
							"lerp_mode": "catmullrom"
						},
						"1.1111": [0, 1, -1]
					}
				},
				"kneeBL": {
					"rotation": {
						"0.0": {
							"post": [-15, 0, 0],
							"lerp_mode": "catmullrom"
						},
						"0.2778": {
							"post": [0, 0, 0],
							"lerp_mode": "catmullrom"
						},
						"0.5556": {
							"post": [-30, 0, 0],
							"lerp_mode": "catmullrom"
						},
						"0.8333": {
							"post": [30, 0, 0],
							"lerp_mode": "catmullrom"
						},
						"1.1111": [-15, 0, 0]
					}
				},
				"footBL": {
					"rotation": {
						"0.0": {
							"post": [30, 0, 0],
							"lerp_mode": "catmullrom"
						},
						"0.2778": {
							"post": [0, 0, 0],
							"lerp_mode": "catmullrom"
						},
						"0.5556": {
							"post": [5, 0, 0],
							"lerp_mode": "catmullrom"
						},
						"0.9722": {
							"post": [0.63, 0, 0],
							"lerp_mode": "catmullrom"
						},
						"1.1111": [30, 0, 0]
					}
				},
				"leftarm": {
					"rotation": {
						"0.0": {
							"post": [12.5, 0, 0],
							"lerp_mode": "catmullrom"
						},
						"0.5556": {
							"post": [-35, 0, 0],
							"lerp_mode": "catmullrom"
						},
						"0.8333": {
							"post": [0, 0, 0],
							"lerp_mode": "catmullrom"
						},
						"1.1111": [12.5, 0, 0]
					},
					"position": {
						"0.0": {
							"post": [0, 0, 1],
							"lerp_mode": "catmullrom"
						},
						"0.2778": {
							"post": [0, 0.5, 0],
							"lerp_mode": "catmullrom"
						},
						"0.5556": {
							"post": [0, -1.25, -1],
							"lerp_mode": "catmullrom"
						},
						"0.8333": {
							"post": [0, -0.34, 0],
							"lerp_mode": "catmullrom"
						},
						"1.1111": [0, 0, 1]
					}
				},
				"leftarm2": {
					"rotation": {
						"0.0": {
							"post": [-10, 0, 0],
							"lerp_mode": "catmullrom"
						},
						"0.2778": {
							"post": [-2.5, 0, 0],
							"lerp_mode": "catmullrom"
						},
						"0.5556": {
							"post": [-10, 0, 0],
							"lerp_mode": "catmullrom"
						},
						"0.8333": {
							"post": [0, 0, 0],
							"lerp_mode": "catmullrom"
						},
						"1.1111": [-10, 0, 0]
					}
				},
				"footFL": {
					"rotation": {
						"0.0": {
							"post": [-15, 0, 0],
							"lerp_mode": "catmullrom"
						},
						"0.2778": {
							"post": [20.79, 0, 0],
							"lerp_mode": "catmullrom"
						},
						"0.4167": {
							"post": [1.25, 0, 0],
							"lerp_mode": "catmullrom"
						},
						"0.5556": {
							"post": [10, 0, 0],
							"lerp_mode": "catmullrom"
						},
						"0.8333": {
							"post": [0, 0, 0],
							"lerp_mode": "catmullrom"
						},
						"1.1111": [-15, 0, 0]
					}
				},
				"legBR": {
					"rotation": {
						"0.0": {
							"post": [30, 0, 0],
							"lerp_mode": "catmullrom"
						},
						"0.5556": {
							"post": [-15, 0, 0],
							"lerp_mode": "catmullrom"
						},
						"0.8333": {
							"post": [0, 0, 0],
							"lerp_mode": "catmullrom"
						},
						"1.1111": [30, 0, 0]
					},
					"position": {
						"0.0": {
							"post": [0, -3.5, 3],
							"lerp_mode": "catmullrom"
						},
						"0.2778": {
							"post": [0, 1.13, 0],
							"lerp_mode": "catmullrom"
						},
						"0.5556": {
							"post": [0, 1, -1],
							"lerp_mode": "catmullrom"
						},
						"0.6944": {
							"post": [0, -1.75, -0.69],
							"lerp_mode": "catmullrom"
						},
						"0.8333": {
							"post": [0, -2.66, 0],
							"lerp_mode": "catmullrom"
						},
						"0.9722": {
							"post": [0, -2.74, 1.73],
							"lerp_mode": "catmullrom"
						},
						"1.1111": [0, -3.5, 3]
					}
				},
				"kneeBR": {
					"rotation": {
						"0.0": {
							"post": [-30, 0, 0],
							"lerp_mode": "catmullrom"
						},
						"0.2778": {
							"post": [30, 0, 0],
							"lerp_mode": "catmullrom"
						},
						"0.5556": {
							"post": [-15, 0, 0],
							"lerp_mode": "catmullrom"
						},
						"0.8333": {
							"post": [0, 0, 0],
							"lerp_mode": "catmullrom"
						},
						"1.1111": [-30, 0, 0]
					}
				},
				"footBR": {
					"rotation": {
						"0.0": {
							"post": [5, 0, 0],
							"lerp_mode": "catmullrom"
						},
						"0.4167": {
							"post": [0.63, 0, 0],
							"lerp_mode": "catmullrom"
						},
						"0.5556": {
							"post": [30, 0, 0],
							"lerp_mode": "catmullrom"
						},
						"0.8333": {
							"post": [0, 0, 0],
							"lerp_mode": "catmullrom"
						},
						"1.1111": [5, 0, 0]
					}
				},
				"rightarm": {
					"rotation": {
						"0.0": {
							"post": [-35, 0, 0],
							"lerp_mode": "catmullrom"
						},
						"0.2778": {
							"post": [0, 0, 0],
							"lerp_mode": "catmullrom"
						},
						"0.5556": {
							"post": [12.5, 0, 0],
							"lerp_mode": "catmullrom"
						},
						"1.1111": [-35, 0, 0]
					},
					"position": {
						"0.0": {
							"post": [0, -1.25, -1],
							"lerp_mode": "catmullrom"
						},
						"0.2778": {
							"post": [0, -0.34, 0],
							"lerp_mode": "catmullrom"
						},
						"0.5556": {
							"post": [0, 0, 1],
							"lerp_mode": "catmullrom"
						},
						"0.8333": {
							"post": [0, 0.5, 0],
							"lerp_mode": "catmullrom"
						},
						"1.1111": [0, -1.25, -1]
					}
				},
				"rightarm2": {
					"rotation": {
						"0.0": {
							"post": [-10, 0, 0],
							"lerp_mode": "catmullrom"
						},
						"0.2778": {
							"post": [5, 0, 0],
							"lerp_mode": "catmullrom"
						},
						"0.5556": {
							"post": [-10, 0, 0],
							"lerp_mode": "catmullrom"
						},
						"0.8333": {
							"post": [-2.5, 0, 0],
							"lerp_mode": "catmullrom"
						},
						"1.1111": [-10, 0, 0]
					}
				},
				"footFR": {
					"rotation": {
						"0.0": {
							"post": [10, 0, 0],
							"lerp_mode": "catmullrom"
						},
						"0.2778": {
							"post": [0, 0, 0],
							"lerp_mode": "catmullrom"
						},
						"0.5556": {
							"post": [-15, 0, 0],
							"lerp_mode": "catmullrom"
						},
						"0.8333": {
							"post": [20.23, 0, 0],
							"lerp_mode": "catmullrom"
						},
						"0.9722": {
							"post": [1.25, 0, 0],
							"lerp_mode": "catmullrom"
						},
						"1.1111": [10, 0, 0]
					}
				},
				"nailsFL": {
					"rotation": {
						"0.0": {
							"post": [-35, 0, 0],
							"lerp_mode": "catmullrom"
						},
						"0.2778": {
							"post": [20, 0, 0],
							"lerp_mode": "catmullrom"
						},
						"0.5556": {
							"post": [-7.5, 0, 0],
							"lerp_mode": "catmullrom"
						},
						"0.8333": {
							"post": [0, 0, 0],
							"lerp_mode": "catmullrom"
						},
						"1.1111": [-35, 0, 0]
					}
				},
				"nailsFR": {
					"rotation": {
						"0.0": {
							"post": [-7.5, 0, 0],
							"lerp_mode": "catmullrom"
						},
						"0.2778": {
							"post": [0, 0, 0],
							"lerp_mode": "catmullrom"
						},
						"0.5556": {
							"post": [-35, 0, 0],
							"lerp_mode": "catmullrom"
						},
						"0.8333": {
							"post": [20, 0, 0],
							"lerp_mode": "catmullrom"
						},
						"1.1111": [-7.5, 0, 0]
					}
				},
				"nailsBL": {
					"rotation": {
						"0.0": {
							"post": [-7.5, 0, 0],
							"lerp_mode": "catmullrom"
						},
						"0.2778": {
							"post": [0, 0, 0],
							"lerp_mode": "catmullrom"
						},
						"0.5556": {
							"post": [-20, 0, 0],
							"lerp_mode": "catmullrom"
						},
						"0.8333": {
							"post": [10, 0, 0],
							"lerp_mode": "catmullrom"
						},
						"1.1111": [-7.5, 0, 0]
					}
				},
				"nailsBR": {
					"rotation": {
						"0.0": {
							"post": [-20, 0, 0],
							"lerp_mode": "catmullrom"
						},
						"0.2778": {
							"post": [10, 0, 0],
							"lerp_mode": "catmullrom"
						},
						"0.5556": {
							"post": [-7.5, 0, 0],
							"lerp_mode": "catmullrom"
						},
						"0.8333": {
							"post": [0, 0, 0],
							"lerp_mode": "catmullrom"
						},
						"1.1111": [-20, 0, 0]
					}
				}
			}
		}
	}
}