{
	"pools": [
		{
			"rolls": 1,
			"entries": [
				{
					"type": "item",
					"name": "minecraft:dye",
					"weight": 20,
					"functions": [
						{
							"function": "set_data",
							"data": 5
						}
					]
				},
				{
					"type": "item",
					"name": "minecraft:dye",
					"weight": 20,
					"functions": [
						{
							"function": "set_data",
							"data": 6
						}
					]
				},
				{
					"type": "item",
					"name": "minecraft:glass",
					"weight": 15
				},
				{
					"type": "item",
					"name": "minecraft:quartz_block",
					"weight": 15
				},
				{
					"type": "item",
					"name": "minecraft:iron_block",
					"weight": 10
				},
				{
					"type": "item",
					"name": "minecraft:diamond",
					"weight": 10
				},
				{
					"type": "item",
					"name": "minecraft:shulker_shell",
					"weight": 5
				},
				{
					"type": "item",
					"name": "minecraft:undyed_shulker_box",
					"weight": 5
				}
			]
		}
	]
}