{
	"format_version": "1.8.0",
	"animations": {
		"animation.giardo.always": {
			"loop": true,
			"animation_length": 2,
			"bones": {
				"body": {
					"position": {
						"0.0": [0, 0, 0],
						"1.0": [0, -0.3, 0],
						"2.0": [0, 0, 0]
					}
				},
				"tail": {
					"position": {
						"0.0": [0, 0, 0],
						"1.0": [0, -0.3, 0],
						"2.0": [0, 0, 0]
					}
				},
				"head": {
					"rotation": {
						"0.0": [0, 0, 0],
						"1.0": [5, 0, 0],
						"2.0": [0, 0, 0]
					},
					"position": {
						"0.0": [0, 0, 0],
						"1.0": [0, -0.4, 0],
						"2.0": [0, 0, 0]
					}
				}
			}
		}
	}
}