{
	"format_version": "1.8.0",
	"animations": {
		"animation.reguman.attack": {
			"animation_length": 1,
			"bones": {
				"head": {
					"rotation": {
						"0.0": [0, 0, 0],
						"0.5": [-5, 0, 0],
						"1.0": [0, 0, 0]
					}
				},
				"arm": {
					"rotation": {
						"0.0": [0, 0, 0],
						"0.5": [15, 0, 0],
						"1.0": [2.5, 0, 0]
					}
				},
				"fireball": {
					"position": {
						"0.0": [0, 8, 4],
						"0.5": [0, 7, 2],
						"0.5833": [0, 7, -2],
						"0.75": [0, 0, 0]
					},
					"scale": {
						"0.0": [1, 0.7, 2.1],
						"0.6667": [0.5, 0.3, 2.1],
						"0.75": [0.1, 0.1, 0.1]
					}
				},
				"month": {
					"rotation": {
						"0.0": [0, 0, 0],
						"0.5": [5, 0, 0],
						"1.0": [0, 0, 0]
					}
				}
			}
		}
	}
}