{
	"format_version": "1.8.0",
	"animations": {
		"animation.reguman.walk": {
			"loop": true,
			"animation_length": 1,
			"bones": {
				"rightarm": {
					"rotation": {
						"0.0": [0, 0, 0],
						"0.25": [-12.5, 0, 0],
						"0.5": [0, 0, 0],
						"0.75": [12.5, 0, 0],
						"1.0": [0, 0, 0]
					}
				},
				"leftarm": {
					"rotation": {
						"0.0": [0, 0, 0],
						"0.25": [12.5, 0, 0],
						"0.5": [0, 0, 0],
						"0.75": [-12.5, 0, 0],
						"1.0": [0, 0, 0]
					}
				},
				"weiba": {
					"rotation": {
						"0.0": [0, 0, 0],
						"0.25": [0, 5, 0],
						"0.5": [0, 0, 0],
						"0.75": [0, -5, 0],
						"1.0": [0, 0, 0]
					}
				},
				"total": {
					"position": {
						"0.0": [0, 0, 0],
						"0.25": [0, -0.5, 0],
						"0.5": [0, 0, 0],
						"0.75": [0, -0.5, 0],
						"1.0": [0, 0, 0]
					}
				},
				"leftleg": {
					"rotation": {
						"0.0": [0, 0, 0],
						"0.25": [-20, 0, 0],
						"0.5": [0, 0, 0],
						"0.75": [20, 0, 0],
						"1.0": [0, 0, 0]
					}
				},
				"rightleg": {
					"rotation": {
						"0.0": [0, 0, 0],
						"0.25": [20, 0, 0],
						"0.5": [0, 0, 0],
						"0.75": [-20, 0, 0],
						"1.0": [0, 0, 0]
					}
				},
				"head": {
					"rotation": {
						"0.0": [0, 0, 0],
						"0.25": [5, 0, 0],
						"0.5": [0, 0, 0],
						"0.75": [5, 0, 0],
						"1.0": [0, 0, 0]
					}
				},
				"tail": {
					"rotation": {
						"0.0": [0, 0, 0],
						"0.25": [0, 7.5, 0],
						"0.5": [0, 0, 0],
						"0.75": [0, -7.5, 0],
						"1.0": [0, 0, 0]
					}
				},
				"month": {
					"rotation": {
						"0.0": [0, 0, 0],
						"0.25": [2.5, 0, 0],
						"0.5": [0, 0, 0],
						"0.75": [2.5, 0, 0],
						"1.0": [0, 0, 0]
					}
				}
			},
			"particle_effects": {
				"0.4583": {
					"effect": "minecraft:lava_particle"
				}
			}
		}
	}
}