{
    "format_version": "1.10.0",
    "animation_controllers": {
        "controller.animation.kavili.sit": {
            "states": {
                "default": {
                    "transitions": [
                        {"sit": "query.is_sitting"}
                    ]
                },
                "sit": {
                    "animations": [
                        "always"
                    ],
                    "on_exit": [
                        "/tag @s remove sitting"
                    ],
                    "transitions": [
                       {"default": "query.is_sitting == 0"}
                    ]
                }
            }
        }
    }
}