{
	"format_version": "1.12.0",
	"minecraft:geometry": [
		{
			"description": {
				"identifier": "geometry.hynas",
				"texture_width": 64,
				"texture_height": 64,
				"visible_bounds_width": 3,
				"visible_bounds_height": 3.5,
				"visible_bounds_offset": [0, 1.25, 0]
			},
			"bones": [
				{
					"name": "total",
					"pivot": [0, 0, 0]
				},
				{
					"name": "leg",
					"parent": "total",
					"pivot": [1, 5, 0]
				},
				{
					"name": "leftleg1",
					"parent": "leg",
					"pivot": [3, 4, -3],
					"cubes": [
						{
							"origin": [1.95442, -0.12094, -6.1],
							"size": [1, 4.1, 2.1],
							"pivot": [2, 0, -4],
							"rotation": [0, -60, -10],
							"uv": {
								"north": {
									"uv": [59, 55],
									"uv_size": [1, 3]
								},
								"east": {
									"uv": [29, 54],
									"uv_size": [2, 3]
								},
								"south": {
									"uv": [56, 59],
									"uv_size": [1, 3]
								},
								"west": {
									"uv": [31, 54],
									"uv_size": [2, 3]
								},
								"up": {
									"uv": [25, 61],
									"uv_size": [1, 2]
								},
								"down": {
									"uv": [61, 27],
									"uv_size": [1, -2]
								}
							}
						},
						{
							"origin": [5, 0, -4],
							"size": [1, 5, 2],
							"pivot": [5, 0, -3],
							"rotation": [0, 0, -15],
							"uv": {
								"north": {
									"uv": [55, 52],
									"uv_size": [1, 5]
								},
								"east": {
									"uv": [12, 47],
									"uv_size": [2, 5]
								},
								"south": {
									"uv": [53, 55],
									"uv_size": [1, 5]
								},
								"west": {
									"uv": [14, 47],
									"uv_size": [2, 5]
								},
								"up": {
									"uv": [61, 21],
									"uv_size": [1, 2]
								},
								"down": {
									"uv": [22, 63],
									"uv_size": [1, -2]
								}
							}
						},
						{
							"origin": [2, 0.4, -4],
							"size": [3, 3, 2],
							"pivot": [5, 0, -3],
							"rotation": [0, 0, -10],
							"uv": {
								"north": {
									"uv": [36, 47],
									"uv_size": [3, 3]
								},
								"east": {
									"uv": [22, 54],
									"uv_size": [2, 3]
								},
								"south": {
									"uv": [39, 47],
									"uv_size": [3, 3]
								},
								"west": {
									"uv": [24, 54],
									"uv_size": [2, 3]
								},
								"up": {
									"uv": [54, 25],
									"uv_size": [3, 2]
								},
								"down": {
									"uv": [26, 56],
									"uv_size": [3, -2]
								}
							}
						},
						{
							"origin": [1.95442, -0.12094, -2],
							"size": [1, 3.1, 2.1],
							"pivot": [2, 0, -2],
							"rotation": [0, 60, -10],
							"uv": {
								"north": {
									"uv": [57, 59],
									"uv_size": [1, 3]
								},
								"east": {
									"uv": [33, 54],
									"uv_size": [2, 3]
								},
								"south": {
									"uv": [59, 58],
									"uv_size": [1, 3]
								},
								"west": {
									"uv": [35, 54],
									"uv_size": [2, 3]
								},
								"up": {
									"uv": [61, 27],
									"uv_size": [1, 2]
								},
								"down": {
									"uv": [61, 32],
									"uv_size": [1, -2]
								}
							}
						},
						{
							"origin": [3.3, 0, -1.9],
							"size": [2, 5, 1],
							"pivot": [4, 0, -2],
							"rotation": [6.04071, 28.54853, -8.41464],
							"uv": {
								"north": {
									"uv": [34, 50],
									"uv_size": [2, 4]
								},
								"east": {
									"uv": [19, 57],
									"uv_size": [1, 4]
								},
								"south": {
									"uv": [50, 35],
									"uv_size": [2, 4]
								},
								"west": {
									"uv": [20, 57],
									"uv_size": [1, 4]
								},
								"up": {
									"uv": [61, 23],
									"uv_size": [2, 1]
								},
								"down": {
									"uv": [61, 33],
									"uv_size": [2, -1]
								}
							}
						},
						{
							"origin": [3.3, 0, -5.1],
							"size": [2, 5, 1],
							"pivot": [4, 0, -4],
							"rotation": [-6.04071, -28.54853, -8.41464],
							"uv": {
								"north": {
									"uv": [36, 50],
									"uv_size": [2, 4]
								},
								"east": {
									"uv": [21, 57],
									"uv_size": [1, 4]
								},
								"south": {
									"uv": [38, 50],
									"uv_size": [2, 4]
								},
								"west": {
									"uv": [22, 57],
									"uv_size": [1, 4]
								},
								"up": {
									"uv": [61, 33],
									"uv_size": [2, 1]
								},
								"down": {
									"uv": [61, 35],
									"uv_size": [2, -1]
								}
							}
						}
					]
				},
				{
					"name": "rightleg1",
					"parent": "leg",
					"pivot": [-3, 4, -3],
					"cubes": [
						{
							"origin": [-6, 0, -4],
							"size": [1, 5, 2],
							"pivot": [-5, 0, -3],
							"rotation": [0, 0, 15],
							"uv": {
								"north": {
									"uv": [21, 34],
									"uv_size": [1, 5]
								},
								"east": {
									"uv": [19, 34],
									"uv_size": [2, 5]
								},
								"south": {
									"uv": [39, 54],
									"uv_size": [1, 5]
								},
								"west": {
									"uv": [4, 46],
									"uv_size": [2, 5]
								},
								"up": {
									"uv": [25, 42],
									"uv_size": [1, 2]
								},
								"down": {
									"uv": [59, 6],
									"uv_size": [1, -2]
								}
							}
						},
						{
							"origin": [-5, 0.4, -4],
							"size": [3, 3, 2],
							"pivot": [-5, 0, -3],
							"rotation": [0, 0, 10],
							"uv": {
								"north": {
									"uv": [16, 47],
									"uv_size": [3, 3]
								},
								"east": {
									"uv": [8, 51],
									"uv_size": [2, 3]
								},
								"south": {
									"uv": [19, 47],
									"uv_size": [3, 3]
								},
								"west": {
									"uv": [51, 14],
									"uv_size": [2, 3]
								},
								"up": {
									"uv": [51, 4],
									"uv_size": [3, 2]
								},
								"down": {
									"uv": [51, 27],
									"uv_size": [3, -2]
								}
							}
						},
						{
							"origin": [-2.95442, -0.12094, -6.1],
							"size": [1, 4.1, 2.1],
							"pivot": [-2, 0, -4],
							"rotation": [0, 60, 10],
							"uv": {
								"north": {
									"uv": [46, 58],
									"uv_size": [1, 3]
								},
								"east": {
									"uv": [51, 27],
									"uv_size": [2, 3]
								},
								"south": {
									"uv": [58, 49],
									"uv_size": [1, 3]
								},
								"west": {
									"uv": [28, 51],
									"uv_size": [2, 3]
								},
								"up": {
									"uv": [60, 27],
									"uv_size": [1, 2]
								},
								"down": {
									"uv": [32, 62],
									"uv_size": [1, -2]
								}
							}
						},
						{
							"origin": [-2.95442, -0.12094, -2],
							"size": [1, 3.1, 2.1],
							"pivot": [-2, 0, -2],
							"rotation": [0, -60, 10],
							"uv": {
								"north": {
									"uv": [52, 58],
									"uv_size": [1, 3]
								},
								"east": {
									"uv": [51, 39],
									"uv_size": [2, 3]
								},
								"south": {
									"uv": [58, 55],
									"uv_size": [1, 3]
								},
								"west": {
									"uv": [51, 42],
									"uv_size": [2, 3]
								},
								"up": {
									"uv": [33, 60],
									"uv_size": [1, 2]
								},
								"down": {
									"uv": [34, 62],
									"uv_size": [1, -2]
								}
							}
						},
						{
							"origin": [-5.3, 0, -1.9],
							"size": [2, 5, 1],
							"pivot": [-4, 0, -2],
							"rotation": [6.04071, -28.54853, 8.41464],
							"uv": {
								"north": {
									"uv": [48, 39],
									"uv_size": [2, 4]
								},
								"east": {
									"uv": [27, 56],
									"uv_size": [1, 4]
								},
								"south": {
									"uv": [48, 43],
									"uv_size": [2, 4]
								},
								"west": {
									"uv": [28, 56],
									"uv_size": [1, 4]
								},
								"up": {
									"uv": [40, 18],
									"uv_size": [2, 1]
								},
								"down": {
									"uv": [35, 61],
									"uv_size": [2, -1]
								}
							}
						},
						{
							"origin": [-5.3, 0, -5.1],
							"size": [2, 5, 1],
							"pivot": [-4, 0, -4],
							"rotation": [-6.04071, 28.54853, 8.41464],
							"uv": {
								"north": {
									"uv": [48, 31],
									"uv_size": [2, 4]
								},
								"east": {
									"uv": [54, 55],
									"uv_size": [1, 4]
								},
								"south": {
									"uv": [48, 35],
									"uv_size": [2, 4]
								},
								"west": {
									"uv": [26, 56],
									"uv_size": [1, 4]
								},
								"up": {
									"uv": [14, 29],
									"uv_size": [2, 1]
								},
								"down": {
									"uv": [38, 4],
									"uv_size": [2, -1]
								}
							}
						}
					]
				},
				{
					"name": "leftleg2",
					"parent": "leg",
					"pivot": [3, 4, 4],
					"cubes": [
						{
							"origin": [5, 0, 2.5],
							"size": [1, 5, 2],
							"pivot": [5, 0, 3.5],
							"rotation": [0, 0, -15],
							"uv": {
								"north": {
									"uv": [48, 55],
									"uv_size": [1, 5]
								},
								"east": {
									"uv": [28, 46],
									"uv_size": [2, 5]
								},
								"south": {
									"uv": [49, 55],
									"uv_size": [1, 5]
								},
								"west": {
									"uv": [10, 47],
									"uv_size": [2, 5]
								},
								"up": {
									"uv": [3, 61],
									"uv_size": [1, 2]
								},
								"down": {
									"uv": [61, 9],
									"uv_size": [1, -2]
								}
							}
						},
						{
							"origin": [2, 0.4, 2.5],
							"size": [3, 3, 2],
							"pivot": [5, 0, 3.5],
							"rotation": [0, 0, -10],
							"uv": {
								"north": {
									"uv": [30, 47],
									"uv_size": [3, 3]
								},
								"east": {
									"uv": [50, 53],
									"uv_size": [2, 3]
								},
								"south": {
									"uv": [33, 47],
									"uv_size": [3, 3]
								},
								"west": {
									"uv": [53, 52],
									"uv_size": [2, 3]
								},
								"up": {
									"uv": [54, 0],
									"uv_size": [3, 2]
								},
								"down": {
									"uv": [54, 6],
									"uv_size": [3, -2]
								}
							}
						},
						{
							"origin": [1.95442, -0.12094, 0.4],
							"size": [1, 3.1, 2.1],
							"pivot": [2, 0, 2.5],
							"rotation": [0, -60, -10],
							"uv": {
								"north": {
									"uv": [38, 59],
									"uv_size": [1, 3]
								},
								"east": {
									"uv": [54, 6],
									"uv_size": [2, 3]
								},
								"south": {
									"uv": [39, 59],
									"uv_size": [1, 3]
								},
								"west": {
									"uv": [8, 54],
									"uv_size": [2, 3]
								},
								"up": {
									"uv": [8, 61],
									"uv_size": [1, 2]
								},
								"down": {
									"uv": [9, 63],
									"uv_size": [1, -2]
								}
							}
						},
						{
							"origin": [1.95442, -0.12094, 4.5],
							"size": [1, 3.1, 2.1],
							"pivot": [2, 0, 4.5],
							"rotation": [0, 60, -10],
							"uv": {
								"north": {
									"uv": [59, 49],
									"uv_size": [1, 3]
								},
								"east": {
									"uv": [18, 54],
									"uv_size": [2, 3]
								},
								"south": {
									"uv": [54, 59],
									"uv_size": [1, 3]
								},
								"west": {
									"uv": [20, 54],
									"uv_size": [2, 3]
								},
								"up": {
									"uv": [61, 9],
									"uv_size": [1, 2]
								},
								"down": {
									"uv": [61, 17],
									"uv_size": [1, -2]
								}
							}
						},
						{
							"origin": [3.3, 0, 4.6],
							"size": [2, 5, 1],
							"pivot": [4, 0, 4.5],
							"rotation": [6.04071, 28.54853, -8.41464],
							"uv": {
								"north": {
									"uv": [26, 50],
									"uv_size": [2, 4]
								},
								"east": {
									"uv": [3, 57],
									"uv_size": [1, 4]
								},
								"south": {
									"uv": [30, 50],
									"uv_size": [2, 4]
								},
								"west": {
									"uv": [8, 57],
									"uv_size": [1, 4]
								},
								"up": {
									"uv": [61, 17],
									"uv_size": [2, 1]
								},
								"down": {
									"uv": [18, 62],
									"uv_size": [2, -1]
								}
							}
						},
						{
							"origin": [3.3, 0, 1.4],
							"size": [2, 4, 1],
							"pivot": [4, 0, 2.5],
							"rotation": [-6.04071, -28.54853, -8.41464],
							"uv": {
								"north": {
									"uv": [50, 31],
									"uv_size": [2, 4]
								},
								"east": {
									"uv": [9, 57],
									"uv_size": [1, 4]
								},
								"south": {
									"uv": [32, 50],
									"uv_size": [2, 4]
								},
								"west": {
									"uv": [18, 57],
									"uv_size": [1, 4]
								},
								"up": {
									"uv": [61, 19],
									"uv_size": [2, 1]
								},
								"down": {
									"uv": [20, 62],
									"uv_size": [2, -1]
								}
							}
						}
					]
				},
				{
					"name": "rightleg2",
					"parent": "leg",
					"pivot": [-4, 4, 4],
					"cubes": [
						{
							"origin": [-6, 0, 2.5],
							"size": [1, 5, 2],
							"pivot": [-5, 0, 3.5],
							"rotation": [0, 0, 15],
							"uv": {
								"north": {
									"uv": [55, 32],
									"uv_size": [1, 5]
								},
								"east": {
									"uv": [6, 46],
									"uv_size": [2, 5]
								},
								"south": {
									"uv": [55, 39],
									"uv_size": [1, 5]
								},
								"west": {
									"uv": [8, 46],
									"uv_size": [2, 5]
								},
								"up": {
									"uv": [60, 55],
									"uv_size": [1, 2]
								},
								"down": {
									"uv": [60, 59],
									"uv_size": [1, -2]
								}
							}
						},
						{
							"origin": [-5, 0.4, 2.5],
							"size": [3, 3, 2],
							"pivot": [-5, 0, 3.5],
							"rotation": [0, 0, 10],
							"uv": {
								"north": {
									"uv": [22, 47],
									"uv_size": [3, 3]
								},
								"east": {
									"uv": [53, 10],
									"uv_size": [2, 3]
								},
								"south": {
									"uv": [25, 47],
									"uv_size": [3, 3]
								},
								"west": {
									"uv": [53, 13],
									"uv_size": [2, 3]
								},
								"up": {
									"uv": [53, 16],
									"uv_size": [3, 2]
								},
								"down": {
									"uv": [53, 29],
									"uv_size": [3, -2]
								}
							}
						},
						{
							"origin": [-2.95442, -0.12094, 0.4],
							"size": [1, 3.1, 2.1],
							"pivot": [-2, 0, 2.5],
							"rotation": [0, 60, 10],
							"uv": {
								"north": {
									"uv": [7, 59],
									"uv_size": [1, 3]
								},
								"east": {
									"uv": [53, 32],
									"uv_size": [2, 3]
								},
								"south": {
									"uv": [23, 59],
									"uv_size": [1, 3]
								},
								"west": {
									"uv": [53, 35],
									"uv_size": [2, 3]
								},
								"up": {
									"uv": [60, 59],
									"uv_size": [1, 2]
								},
								"down": {
									"uv": [0, 63],
									"uv_size": [1, -2]
								}
							}
						},
						{
							"origin": [-2.95442, -0.12094, 4.5],
							"size": [1, 3.1, 2.1],
							"pivot": [-2, 0, 4.5],
							"rotation": [0, -60, 10],
							"uv": {
								"north": {
									"uv": [24, 59],
									"uv_size": [1, 3]
								},
								"east": {
									"uv": [53, 39],
									"uv_size": [2, 3]
								},
								"south": {
									"uv": [37, 59],
									"uv_size": [1, 3]
								},
								"west": {
									"uv": [53, 42],
									"uv_size": [2, 3]
								},
								"up": {
									"uv": [1, 61],
									"uv_size": [1, 2]
								},
								"down": {
									"uv": [2, 63],
									"uv_size": [1, -2]
								}
							}
						},
						{
							"origin": [-5.3, 0, 4.6],
							"size": [2, 5, 1],
							"pivot": [-4, 0, 4.5],
							"rotation": [6.04071, -28.54853, 8.41464],
							"uv": {
								"north": {
									"uv": [18, 50],
									"uv_size": [2, 4]
								},
								"east": {
									"uv": [56, 55],
									"uv_size": [1, 4]
								},
								"south": {
									"uv": [20, 50],
									"uv_size": [2, 4]
								},
								"west": {
									"uv": [0, 57],
									"uv_size": [1, 4]
								},
								"up": {
									"uv": [60, 43],
									"uv_size": [2, 1]
								},
								"down": {
									"uv": [61, 5],
									"uv_size": [2, -1]
								}
							}
						},
						{
							"origin": [-5.3, 0, 1.4],
							"size": [2, 5, 1],
							"pivot": [-4, 0, 2.5],
							"rotation": [-6.04071, 28.54853, 8.41464],
							"uv": {
								"north": {
									"uv": [22, 50],
									"uv_size": [2, 4]
								},
								"east": {
									"uv": [1, 57],
									"uv_size": [1, 4]
								},
								"south": {
									"uv": [24, 50],
									"uv_size": [2, 4]
								},
								"west": {
									"uv": [2, 57],
									"uv_size": [1, 4]
								},
								"up": {
									"uv": [61, 5],
									"uv_size": [2, 1]
								},
								"down": {
									"uv": [61, 7],
									"uv_size": [2, -1]
								}
							}
						}
					]
				},
				{
					"name": "body",
					"parent": "total",
					"pivot": [0, -1, 0],
					"cubes": [
						{
							"origin": [-1.5, 2.3, -5],
							"size": [3, 1, 10],
							"uv": {
								"north": {
									"uv": [55, 44],
									"uv_size": [4, 1]
								},
								"east": {
									"uv": [42, 22],
									"uv_size": [10, 1]
								},
								"south": {
									"uv": [56, 8],
									"uv_size": [4, 1]
								},
								"west": {
									"uv": [18, 46],
									"uv_size": [10, 1]
								},
								"up": {
									"uv": [28, 11],
									"uv_size": [4, 10]
								},
								"down": {
									"uv": [6, 39],
									"uv_size": [4, -10]
								}
							}
						},
						{
							"origin": [-2, 11, -5],
							"size": [4, 1, 10],
							"uv": {
								"north": {
									"uv": [56, 17],
									"uv_size": [4, 1]
								},
								"east": {
									"uv": [46, 23],
									"uv_size": [10, 1]
								},
								"south": {
									"uv": [56, 23],
									"uv_size": [4, 1]
								},
								"west": {
									"uv": [46, 24],
									"uv_size": [10, 1]
								},
								"up": {
									"uv": [10, 29],
									"uv_size": [4, 10]
								},
								"down": {
									"uv": [22, 39],
									"uv_size": [4, -10]
								}
							}
						},
						{
							"origin": [2, 11, -3],
							"size": [1, 1, 6],
							"uv": {
								"north": {
									"uv": [48, 17],
									"uv_size": [1, 1]
								},
								"east": {
									"uv": [52, 20],
									"uv_size": [6, 1]
								},
								"south": {
									"uv": [55, 15],
									"uv_size": [1, 1]
								},
								"west": {
									"uv": [52, 21],
									"uv_size": [6, 1]
								},
								"up": {
									"uv": [14, 52],
									"uv_size": [1, 6]
								},
								"down": {
									"uv": [15, 58],
									"uv_size": [1, -6]
								}
							}
						},
						{
							"origin": [-3, 11, -3],
							"size": [1, 1, 6],
							"uv": {
								"north": {
									"uv": [62, 18],
									"uv_size": [1, 1]
								},
								"east": {
									"uv": [52, 22],
									"uv_size": [6, 1]
								},
								"south": {
									"uv": [62, 22],
									"uv_size": [1, 1]
								},
								"west": {
									"uv": [52, 31],
									"uv_size": [6, 1]
								},
								"up": {
									"uv": [52, 32],
									"uv_size": [1, 6]
								},
								"down": {
									"uv": [43, 58],
									"uv_size": [1, -6]
								}
							}
						},
						{
							"origin": [2, 2, -3],
							"size": [1, 1, 6],
							"uv": {
								"north": {
									"uv": [62, 40],
									"uv_size": [1, 1]
								},
								"east": {
									"uv": [52, 50],
									"uv_size": [6, 1]
								},
								"south": {
									"uv": [41, 62],
									"uv_size": [1, 1]
								},
								"west": {
									"uv": [52, 51],
									"uv_size": [6, 1]
								},
								"up": {
									"uv": [46, 52],
									"uv_size": [1, 6]
								},
								"down": {
									"uv": [52, 58],
									"uv_size": [1, -6]
								}
							}
						},
						{
							"origin": [-3, 2, -3],
							"size": [1, 1, 6],
							"uv": {
								"north": {
									"uv": [62, 31],
									"uv_size": [1, 1]
								},
								"east": {
									"uv": [52, 38],
									"uv_size": [6, 1]
								},
								"south": {
									"uv": [40, 62],
									"uv_size": [1, 1]
								},
								"west": {
									"uv": [52, 49],
									"uv_size": [6, 1]
								},
								"up": {
									"uv": [44, 52],
									"uv_size": [1, 6]
								},
								"down": {
									"uv": [45, 58],
									"uv_size": [1, -6]
								}
							}
						},
						{
							"origin": [-3, 3, -5],
							"size": [6, 2, 10],
							"uv": {
								"north": {
									"uv": [42, 20],
									"uv_size": [6, 2]
								},
								"east": {
									"uv": [36, 23],
									"uv_size": [10, 2]
								},
								"south": {
									"uv": [32, 42],
									"uv_size": [6, 2]
								},
								"west": {
									"uv": [40, 6],
									"uv_size": [10, 2]
								},
								"up": {
									"uv": [16, 0],
									"uv_size": [6, 10]
								},
								"down": {
									"uv": [16, 20],
									"uv_size": [6, -10]
								}
							}
						},
						{
							"origin": [-3, 9, -5],
							"size": [6, 2, 10],
							"uv": {
								"north": {
									"uv": [38, 42],
									"uv_size": [6, 2]
								},
								"east": {
									"uv": [8, 40],
									"uv_size": [10, 2]
								},
								"south": {
									"uv": [4, 44],
									"uv_size": [6, 2]
								},
								"west": {
									"uv": [40, 8],
									"uv_size": [10, 2]
								},
								"up": {
									"uv": [16, 20],
									"uv_size": [6, 10]
								},
								"down": {
									"uv": [0, 32],
									"uv_size": [6, -10]
								}
							}
						},
						{
							"origin": [-2, 9, -6],
							"size": [4, 2, 1],
							"uv": {
								"north": {
									"uv": [32, 19],
									"uv_size": [4, 2]
								},
								"east": {
									"uv": [43, 60],
									"uv_size": [1, 2]
								},
								"south": {
									"uv": [48, 20],
									"uv_size": [4, 2]
								},
								"west": {
									"uv": [44, 60],
									"uv_size": [1, 2]
								},
								"up": {
									"uv": [56, 24],
									"uv_size": [4, 1]
								},
								"down": {
									"uv": [56, 28],
									"uv_size": [4, -1]
								}
							}
						},
						{
							"origin": [-2, 9, 5],
							"size": [4, 2, 1],
							"uv": {
								"north": {
									"uv": [49, 10],
									"uv_size": [4, 2]
								},
								"east": {
									"uv": [45, 60],
									"uv_size": [1, 2]
								},
								"south": {
									"uv": [49, 12],
									"uv_size": [4, 2]
								},
								"west": {
									"uv": [60, 47],
									"uv_size": [1, 2]
								},
								"up": {
									"uv": [56, 28],
									"uv_size": [4, 1]
								},
								"down": {
									"uv": [56, 37],
									"uv_size": [4, -1]
								}
							}
						},
						{
							"origin": [-4, 9, -4],
							"size": [1, 2, 8],
							"uv": {
								"north": {
									"uv": [60, 36],
									"uv_size": [1, 2]
								},
								"east": {
									"uv": [40, 14],
									"uv_size": [8, 2]
								},
								"south": {
									"uv": [40, 60],
									"uv_size": [1, 2]
								},
								"west": {
									"uv": [40, 16],
									"uv_size": [8, 2]
								},
								"up": {
									"uv": [48, 47],
									"uv_size": [1, 8]
								},
								"down": {
									"uv": [0, 57],
									"uv_size": [1, -8]
								}
							}
						},
						{
							"origin": [3, 3, -4],
							"size": [1, 2, 8],
							"uv": {
								"north": {
									"uv": [53, 60],
									"uv_size": [1, 2]
								},
								"east": {
									"uv": [40, 31],
									"uv_size": [8, 2]
								},
								"south": {
									"uv": [60, 53],
									"uv_size": [1, 2]
								},
								"west": {
									"uv": [40, 36],
									"uv_size": [8, 2]
								},
								"up": {
									"uv": [16, 50],
									"uv_size": [1, 8]
								},
								"down": {
									"uv": [17, 58],
									"uv_size": [1, -8]
								}
							}
						},
						{
							"origin": [-2, 3, 5],
							"size": [4, 2, 1],
							"uv": {
								"north": {
									"uv": [50, 6],
									"uv_size": [4, 2]
								},
								"east": {
									"uv": [51, 60],
									"uv_size": [1, 2]
								},
								"south": {
									"uv": [50, 8],
									"uv_size": [4, 2]
								},
								"west": {
									"uv": [60, 51],
									"uv_size": [1, 2]
								},
								"up": {
									"uv": [56, 53],
									"uv_size": [4, 1]
								},
								"down": {
									"uv": [56, 55],
									"uv_size": [4, -1]
								}
							}
						},
						{
							"origin": [-2, 3, -6],
							"size": [4, 2, 1],
							"uv": {
								"north": {
									"uv": [49, 17],
									"uv_size": [4, 2]
								},
								"east": {
									"uv": [60, 49],
									"uv_size": [1, 2]
								},
								"south": {
									"uv": [50, 0],
									"uv_size": [4, 2]
								},
								"west": {
									"uv": [50, 60],
									"uv_size": [1, 2]
								},
								"up": {
									"uv": [56, 43],
									"uv_size": [4, 1]
								},
								"down": {
									"uv": [56, 53],
									"uv_size": [4, -1]
								}
							}
						},
						{
							"origin": [-4, 3, -4],
							"size": [1, 2, 8],
							"uv": {
								"north": {
									"uv": [48, 60],
									"uv_size": [1, 2]
								},
								"east": {
									"uv": [40, 27],
									"uv_size": [8, 2]
								},
								"south": {
									"uv": [49, 60],
									"uv_size": [1, 2]
								},
								"west": {
									"uv": [40, 29],
									"uv_size": [8, 2]
								},
								"up": {
									"uv": [3, 49],
									"uv_size": [1, 8]
								},
								"down": {
									"uv": [49, 55],
									"uv_size": [1, -8]
								}
							}
						},
						{
							"origin": [3, 9, -4],
							"size": [1, 2, 8],
							"uv": {
								"north": {
									"uv": [41, 60],
									"uv_size": [1, 2]
								},
								"east": {
									"uv": [18, 40],
									"uv_size": [8, 2]
								},
								"south": {
									"uv": [42, 60],
									"uv_size": [1, 2]
								},
								"west": {
									"uv": [40, 25],
									"uv_size": [8, 2]
								},
								"up": {
									"uv": [1, 49],
									"uv_size": [1, 8]
								},
								"down": {
									"uv": [2, 57],
									"uv_size": [1, -8]
								}
							}
						},
						{
							"origin": [-4, 5, -6],
							"size": [8, 4, 12],
							"uv": {
								"north": {
									"uv": [28, 21],
									"uv_size": [8, 4]
								},
								"east": {
									"uv": [22, 25],
									"uv_size": [12, 4]
								},
								"south": {
									"uv": [26, 29],
									"uv_size": [8, 4]
								},
								"west": {
									"uv": [28, 7],
									"uv_size": [12, 4]
								},
								"up": {
									"uv": [0, 0],
									"uv_size": [8, 12]
								},
								"down": {
									"uv": [8, 12],
									"uv_size": [8, -12]
								}
							}
						},
						{
							"origin": [4, 5, -4],
							"size": [0.7, 4, 8],
							"uv": {
								"north": {
									"uv": [58, 58],
									"uv_size": [0.75, 4]
								},
								"east": {
									"uv": [30, 0],
									"uv_size": [8, 4]
								},
								"south": {
									"uv": [4, 59],
									"uv_size": [0.75, 4]
								},
								"west": {
									"uv": [14, 30],
									"uv_size": [8, 4]
								},
								"up": {
									"uv": [10, 52],
									"uv_size": [0.75, 8]
								},
								"down": {
									"uv": [11, 60],
									"uv_size": [0.75, -8]
								}
							}
						},
						{
							"origin": [-4.7, 5, -4],
							"size": [0.7, 4, 8],
							"uv": {
								"north": {
									"uv": [5, 59],
									"uv_size": [0.75, 4]
								},
								"east": {
									"uv": [32, 11],
									"uv_size": [8, 4]
								},
								"south": {
									"uv": [6, 59],
									"uv_size": [0.75, 4]
								},
								"west": {
									"uv": [32, 15],
									"uv_size": [8, 4]
								},
								"up": {
									"uv": [12, 52],
									"uv_size": [0.75, 8]
								},
								"down": {
									"uv": [13, 60],
									"uv_size": [0.75, -8]
								}
							}
						},
						{
							"origin": [-3, 5, -7],
							"size": [6, 4, 1],
							"uv": {
								"north": {
									"uv": [34, 25],
									"uv_size": [6, 4]
								},
								"east": {
									"uv": [56, 32],
									"uv_size": [1, 4]
								},
								"south": {
									"uv": [34, 29],
									"uv_size": [6, 4]
								},
								"west": {
									"uv": [56, 39],
									"uv_size": [1, 4]
								},
								"up": {
									"uv": [8, 39],
									"uv_size": [6, 1]
								},
								"down": {
									"uv": [51, 31],
									"uv_size": [6, -1]
								}
							}
						},
						{
							"origin": [-3, 5, 6],
							"size": [6, 4, 1],
							"uv": {
								"north": {
									"uv": [36, 19],
									"uv_size": [6, 4]
								},
								"east": {
									"uv": [50, 56],
									"uv_size": [1, 4]
								},
								"south": {
									"uv": [26, 36],
									"uv_size": [6, 4]
								},
								"west": {
									"uv": [51, 56],
									"uv_size": [1, 4]
								},
								"up": {
									"uv": [51, 45],
									"uv_size": [6, 1]
								},
								"down": {
									"uv": [51, 47],
									"uv_size": [6, -1]
								}
							}
						},
						{
							"origin": [-1.7, 7.8, -7],
							"size": [3.4, 3.4, 1],
							"pivot": [0, 9, -7],
							"rotation": [-20, 0, 0],
							"uv": {
								"north": {
									"uv": [48, 25],
									"uv_size": [3, 3]
								},
								"east": {
									"uv": [30, 60],
									"uv_size": [1, 3]
								},
								"south": {
									"uv": [48, 28],
									"uv_size": [3, 3]
								},
								"west": {
									"uv": [31, 60],
									"uv_size": [1, 3]
								},
								"up": {
									"uv": [59, 44],
									"uv_size": [3, 1]
								},
								"down": {
									"uv": [60, 25],
									"uv_size": [3, -1]
								}
							}
						},
						{
							"origin": [-1, 10.5, -7.2],
							"size": [2, 1.2, 1],
							"pivot": [0, 9, -7],
							"rotation": [-20, 0, 0],
							"uv": {
								"north": {
									"uv": [62, 2],
									"uv_size": [2, 1]
								},
								"east": {
									"uv": [57, 62],
									"uv_size": [1, 1]
								},
								"south": {
									"uv": [62, 3],
									"uv_size": [2, 1]
								},
								"west": {
									"uv": [58, 62],
									"uv_size": [1, 1]
								},
								"up": {
									"uv": [62, 7],
									"uv_size": [2, 1]
								},
								"down": {
									"uv": [62, 9],
									"uv_size": [2, -1]
								}
							}
						},
						{
							"origin": [-1, 7.3, -7.2],
							"size": [2, 1.2, 1],
							"pivot": [0, 9, -7],
							"rotation": [-20, 0, 0],
							"uv": {
								"north": {
									"uv": [62, 9],
									"uv_size": [2, 1]
								},
								"east": {
									"uv": [59, 62],
									"uv_size": [1, 1]
								},
								"south": {
									"uv": [62, 10],
									"uv_size": [2, 1]
								},
								"west": {
									"uv": [60, 62],
									"uv_size": [1, 1]
								},
								"up": {
									"uv": [62, 11],
									"uv_size": [2, 1]
								},
								"down": {
									"uv": [62, 13],
									"uv_size": [2, -1]
								}
							}
						},
						{
							"origin": [-2.2, 8.5, -7.2],
							"size": [1.2, 2, 1],
							"pivot": [0, 9, -7],
							"rotation": [-20, 0, 0],
							"uv": {
								"north": {
									"uv": [7, 62],
									"uv_size": [1, 2]
								},
								"east": {
									"uv": [62, 13],
									"uv_size": [1, 2]
								},
								"south": {
									"uv": [14, 62],
									"uv_size": [1, 2]
								},
								"west": {
									"uv": [15, 62],
									"uv_size": [1, 2]
								},
								"up": {
									"uv": [62, 61],
									"uv_size": [1, 1]
								},
								"down": {
									"uv": [62, 63],
									"uv_size": [1, -1]
								}
							}
						},
						{
							"origin": [1, 8.5, -7.2],
							"size": [1.2, 2, 1],
							"pivot": [0, 9, -7],
							"rotation": [-20, 0, 0],
							"uv": {
								"north": {
									"uv": [62, 15],
									"uv_size": [1, 2]
								},
								"east": {
									"uv": [16, 62],
									"uv_size": [1, 2]
								},
								"south": {
									"uv": [17, 62],
									"uv_size": [1, 2]
								},
								"west": {
									"uv": [18, 62],
									"uv_size": [1, 2]
								},
								"up": {
									"uv": [0, 63],
									"uv_size": [1, 1]
								},
								"down": {
									"uv": [63, 1],
									"uv_size": [1, -1]
								}
							}
						},
						{
							"origin": [-0.5, 12, 0],
							"size": [1, 2, 2],
							"pivot": [-0.5, 11, 0],
							"rotation": [-45, 0, 0],
							"uv": {
								"north": {
									"uv": [19, 62],
									"uv_size": [1, 2]
								},
								"east": {
									"uv": [58, 21],
									"uv_size": [2, 2]
								},
								"south": {
									"uv": [20, 62],
									"uv_size": [1, 2]
								},
								"west": {
									"uv": [29, 58],
									"uv_size": [2, 2]
								},
								"up": {
									"uv": [62, 20],
									"uv_size": [1, 2]
								},
								"down": {
									"uv": [21, 64],
									"uv_size": [1, -2]
								}
							}
						},
						{
							"origin": [-0.5, 11.37868, 2.47868],
							"size": [1, 2, 2],
							"pivot": [-0.5, 11, 3],
							"rotation": [-60, 0, 0],
							"uv": {
								"north": {
									"uv": [23, 62],
									"uv_size": [1, 2]
								},
								"east": {
									"uv": [31, 58],
									"uv_size": [2, 2]
								},
								"south": {
									"uv": [24, 62],
									"uv_size": [1, 2]
								},
								"west": {
									"uv": [33, 58],
									"uv_size": [2, 2]
								},
								"up": {
									"uv": [62, 25],
									"uv_size": [1, 2]
								},
								"down": {
									"uv": [62, 29],
									"uv_size": [1, -2]
								}
							}
						},
						{
							"origin": [-0.5, 13.07868, 2.37868],
							"size": [1, 2, 2],
							"pivot": [-0.5, 11, 3],
							"rotation": [-110, 0, 0],
							"uv": {
								"north": {
									"uv": [62, 29],
									"uv_size": [1, 2]
								},
								"east": {
									"uv": [35, 58],
									"uv_size": [2, 2]
								},
								"south": {
									"uv": [32, 62],
									"uv_size": [1, 2]
								},
								"west": {
									"uv": [40, 58],
									"uv_size": [2, 2]
								},
								"up": {
									"uv": [33, 62],
									"uv_size": [1, 2]
								},
								"down": {
									"uv": [34, 64],
									"uv_size": [1, -2]
								}
							}
						},
						{
							"origin": [-0.5, 14.07868, 3.87868],
							"size": [1, 2, 2],
							"pivot": [-0.5, 11, 3],
							"rotation": [-110, 0, 0],
							"uv": {
								"north": {
									"uv": [35, 62],
									"uv_size": [1, 2]
								},
								"east": {
									"uv": [42, 58],
									"uv_size": [2, 2]
								},
								"south": {
									"uv": [36, 62],
									"uv_size": [1, 2]
								},
								"west": {
									"uv": [44, 58],
									"uv_size": [2, 2]
								},
								"up": {
									"uv": [37, 62],
									"uv_size": [1, 2]
								},
								"down": {
									"uv": [38, 64],
									"uv_size": [1, -2]
								}
							}
						}
					]
				},
				{
					"name": "neck",
					"parent": "total",
					"pivot": [0, 0, 0],
					"cubes": [
						{
							"origin": [-1, 11.02326, -4.50883],
							"size": [2, 7.9, 2],
							"pivot": [0, 11, -4],
							"rotation": [-40, 0, 0],
							"uv": {
								"north": {
									"uv": [14, 22],
									"uv_size": [2, 7]
								},
								"east": {
									"uv": [30, 40],
									"uv_size": [2, 7]
								},
								"south": {
									"uv": [0, 42],
									"uv_size": [2, 7]
								},
								"west": {
									"uv": [2, 42],
									"uv_size": [2, 7]
								},
								"up": {
									"uv": [57, 0],
									"uv_size": [2, 2]
								},
								"down": {
									"uv": [57, 6],
									"uv_size": [2, -2]
								}
							}
						}
					]
				},
				{
					"name": "head",
					"parent": "total",
					"pivot": [0, 15, 1],
					"rotation": [-5, 0, 0],
					"cubes": [
						{
							"origin": [-1, 15.2, 0.7],
							"size": [2, 1, 1],
							"uv": {
								"north": {
									"uv": [35, 61],
									"uv_size": [2, 1]
								},
								"east": {
									"uv": [62, 41],
									"uv_size": [1, 1]
								},
								"south": {
									"uv": [61, 35],
									"uv_size": [2, 1]
								},
								"west": {
									"uv": [42, 62],
									"uv_size": [1, 1]
								},
								"up": {
									"uv": [61, 36],
									"uv_size": [2, 1]
								},
								"down": {
									"uv": [61, 38],
									"uv_size": [2, -1]
								}
							}
						},
						{
							"origin": [-4, 18.2, -6.3],
							"size": [8, 4, 10],
							"pivot": [0, 16, 3],
							"rotation": [17.5, 0, 0],
							"uv": {
								"north": {
									"uv": [32, 36],
									"uv_size": [8, 3]
								},
								"east": {
									"uv": [30, 4],
									"uv_size": [10, 3]
								},
								"south": {
									"uv": [36, 33],
									"uv_size": [8, 3]
								},
								"west": {
									"uv": [26, 33],
									"uv_size": [10, 3]
								},
								"up": {
									"uv": [0, 12],
									"uv_size": [8, 10]
								},
								"down": {
									"uv": [8, 22],
									"uv_size": [8, -10]
								}
							}
						},
						{
							"origin": [-2, 18.2, -7],
							"size": [4, 4, 1],
							"pivot": [0, 16, 3],
							"rotation": [17.5, 0, 0],
							"uv": {
								"north": {
									"uv": [32, 44],
									"uv_size": [4, 3]
								},
								"east": {
									"uv": [12, 60],
									"uv_size": [1, 3]
								},
								"south": {
									"uv": [44, 33],
									"uv_size": [4, 3]
								},
								"west": {
									"uv": [13, 60],
									"uv_size": [1, 3]
								},
								"up": {
									"uv": [33, 57],
									"uv_size": [4, 1]
								},
								"down": {
									"uv": [57, 34],
									"uv_size": [4, -1]
								}
							}
						},
						{
							"origin": [-2, 18.2, 3.3],
							"size": [4, 4.3, 1],
							"pivot": [0, 16, 3],
							"rotation": [17.5, 0, 0],
							"uv": {
								"north": {
									"uv": [36, 44],
									"uv_size": [4, 3]
								},
								"east": {
									"uv": [60, 15],
									"uv_size": [1, 3]
								},
								"south": {
									"uv": [44, 38],
									"uv_size": [4, 3]
								},
								"west": {
									"uv": [60, 21],
									"uv_size": [1, 3]
								},
								"up": {
									"uv": [57, 34],
									"uv_size": [4, 1]
								},
								"down": {
									"uv": [57, 36],
									"uv_size": [4, -1]
								}
							}
						},
						{
							"origin": [4, 18.73744, -6.29468],
							"size": [1, 3, 8],
							"pivot": [5, 19, 1],
							"rotation": [17.5, 0, 0],
							"uv": {
								"north": {
									"uv": [60, 4],
									"uv_size": [1, 3]
								},
								"east": {
									"uv": [38, 0],
									"uv_size": [8, 3]
								},
								"south": {
									"uv": [60, 7],
									"uv_size": [1, 3]
								},
								"west": {
									"uv": [0, 39],
									"uv_size": [8, 3]
								},
								"up": {
									"uv": [50, 39],
									"uv_size": [1, 8]
								},
								"down": {
									"uv": [40, 58],
									"uv_size": [1, -8]
								}
							}
						},
						{
							"origin": [-5, 21.73744, -4.29468],
							"size": [1, 1, 4],
							"pivot": [-5, 19, 1],
							"rotation": [17.5, 0, 0],
							"uv": {
								"north": {
									"uv": [2, 63],
									"uv_size": [-1, 1]
								},
								"east": {
									"uv": [62, 13],
									"uv_size": [-4, 1]
								},
								"south": {
									"uv": [64, 1],
									"uv_size": [-1, 1]
								},
								"west": {
									"uv": [62, 12],
									"uv_size": [-4, 1]
								},
								"up": {
									"uv": [15, 58],
									"uv_size": [-1, 4]
								},
								"down": {
									"uv": [16, 62],
									"uv_size": [-1, -4]
								}
							}
						},
						{
							"origin": [-5, 18.2, -5.3],
							"size": [1, 1, 8],
							"pivot": [0, 16, 3],
							"rotation": [17.5, 0, 0],
							"uv": {
								"north": {
									"uv": [11, 60],
									"uv_size": [-1, 3]
								},
								"east": {
									"uv": [48, 3],
									"uv_size": [-8, 3]
								},
								"south": {
									"uv": [12, 60],
									"uv_size": [-1, 3]
								},
								"west": {
									"uv": [40, 39],
									"uv_size": [-8, 3]
								},
								"up": {
									"uv": [42, 50],
									"uv_size": [-1, 8]
								},
								"down": {
									"uv": [43, 58],
									"uv_size": [-1, -8]
								}
							}
						},
						{
							"origin": [-5, 18.73744, -6.29468],
							"size": [1, 3, 8],
							"pivot": [-5, 19, 1],
							"rotation": [17.5, 0, 0],
							"uv": {
								"north": {
									"uv": [61, 4],
									"uv_size": [-1, 3]
								},
								"east": {
									"uv": [8, 39],
									"uv_size": [-8, 3]
								},
								"south": {
									"uv": [61, 7],
									"uv_size": [-1, 3]
								},
								"west": {
									"uv": [46, 0],
									"uv_size": [-8, 3]
								},
								"up": {
									"uv": [51, 39],
									"uv_size": [-1, 8]
								},
								"down": {
									"uv": [41, 58],
									"uv_size": [-1, -8]
								}
							}
						},
						{
							"origin": [4, 21.73744, -4.29468],
							"size": [1, 1, 4],
							"pivot": [5, 19, 1],
							"rotation": [17.5, 0, 0],
							"uv": {
								"north": {
									"uv": [1, 63],
									"uv_size": [1, 1]
								},
								"east": {
									"uv": [58, 12],
									"uv_size": [4, 1]
								},
								"south": {
									"uv": [63, 1],
									"uv_size": [1, 1]
								},
								"west": {
									"uv": [58, 13],
									"uv_size": [4, 1]
								},
								"up": {
									"uv": [14, 58],
									"uv_size": [1, 4]
								},
								"down": {
									"uv": [15, 62],
									"uv_size": [1, -4]
								}
							}
						},
						{
							"origin": [4, 18.2, -5.3],
							"size": [1, 1, 8],
							"pivot": [0, 16, 3],
							"rotation": [17.5, 0, 0],
							"uv": {
								"north": {
									"uv": [10, 60],
									"uv_size": [1, 3]
								},
								"east": {
									"uv": [32, 39],
									"uv_size": [8, 3]
								},
								"south": {
									"uv": [11, 60],
									"uv_size": [1, 3]
								},
								"west": {
									"uv": [40, 3],
									"uv_size": [8, 3]
								},
								"up": {
									"uv": [41, 50],
									"uv_size": [1, 8]
								},
								"down": {
									"uv": [42, 58],
									"uv_size": [1, -8]
								}
							}
						},
						{
							"origin": [-3, 22.2, -5.3],
							"size": [6, 2, 8],
							"pivot": [0, 16, 3],
							"rotation": [17.5, 0, 0],
							"uv": {
								"north": {
									"uv": [18, 44],
									"uv_size": [6, 2]
								},
								"east": {
									"uv": [40, 10],
									"uv_size": [9, 2]
								},
								"south": {
									"uv": [24, 44],
									"uv_size": [6, 2]
								},
								"west": {
									"uv": [40, 12],
									"uv_size": [9, 2]
								},
								"up": {
									"uv": [22, 7],
									"uv_size": [6, 9]
								},
								"down": {
									"uv": [22, 25],
									"uv_size": [6, -9]
								}
							}
						},
						{
							"origin": [3, 22.2, -4.3],
							"size": [1, 2, 7],
							"pivot": [0, 16, 3],
							"rotation": [17.5, 0, 0],
							"uv": {
								"north": {
									"uv": [46, 61],
									"uv_size": [1, 2]
								},
								"east": {
									"uv": [4, 42],
									"uv_size": [7, 2]
								},
								"south": {
									"uv": [61, 46],
									"uv_size": [1, 2]
								},
								"west": {
									"uv": [11, 42],
									"uv_size": [7, 2]
								},
								"up": {
									"uv": [5, 32],
									"uv_size": [1, 7]
								},
								"down": {
									"uv": [47, 57],
									"uv_size": [1, -7]
								}
							}
						},
						{
							"origin": [-4, 22.2, -4.3],
							"size": [1, 2, 7],
							"pivot": [0, 16, 3],
							"rotation": [17.5, 0, 0],
							"uv": {
								"north": {
									"uv": [47, 61],
									"uv_size": [1, 2]
								},
								"east": {
									"uv": [18, 42],
									"uv_size": [7, 2]
								},
								"south": {
									"uv": [61, 48],
									"uv_size": [1, 2]
								},
								"west": {
									"uv": [42, 18],
									"uv_size": [7, 2]
								},
								"up": {
									"uv": [6, 51],
									"uv_size": [1, 7]
								},
								"down": {
									"uv": [7, 58],
									"uv_size": [1, -7]
								}
							}
						},
						{
							"origin": [-2, 22.2, -6.3],
							"size": [4, 1.3, 1],
							"pivot": [0, 16, 3],
							"rotation": [17.5, 0, 0],
							"uv": {
								"north": {
									"uv": [56, 6],
									"uv_size": [4, 1.25]
								},
								"east": {
									"uv": [62, 38],
									"uv_size": [1, 1.25]
								},
								"south": {
									"uv": [56, 15],
									"uv_size": [4, 1.25]
								},
								"west": {
									"uv": [39, 62],
									"uv_size": [1, 1.25]
								},
								"up": {
									"uv": [57, 39],
									"uv_size": [4, 1]
								},
								"down": {
									"uv": [57, 41],
									"uv_size": [4, -1]
								}
							}
						},
						{
							"origin": [-2, 22.2, 2.7],
							"size": [4, 2, 1],
							"pivot": [0, 16, 3],
							"rotation": [17.5, 0, 0],
							"uv": {
								"north": {
									"uv": [23, 57],
									"uv_size": [2, 2]
								},
								"east": {
									"uv": [61, 38],
									"uv_size": [1, 2]
								},
								"south": {
									"uv": [37, 57],
									"uv_size": [2, 2]
								},
								"west": {
									"uv": [61, 40],
									"uv_size": [1, 2]
								},
								"up": {
									"uv": [61, 42],
									"uv_size": [2, 1]
								},
								"down": {
									"uv": [61, 46],
									"uv_size": [2, -1]
								}
							}
						},
						{
							"origin": [-2.4, 24.2, -3.3],
							"size": [4.8, 1, 5],
							"pivot": [0, 16, 3],
							"rotation": [17.5, 0, 0],
							"uv": {
								"north": {
									"uv": [0, 38],
									"uv_size": [4.75, 1]
								},
								"east": {
									"uv": [53, 18],
									"uv_size": [6, 1]
								},
								"south": {
									"uv": [55, 37],
									"uv_size": [4.75, 1]
								},
								"west": {
									"uv": [53, 29],
									"uv_size": [6, 1]
								},
								"up": {
									"uv": [0, 32],
									"uv_size": [4.75, 6]
								},
								"down": {
									"uv": [14, 40],
									"uv_size": [4.75, -6]
								}
							}
						},
						{
							"origin": [-1, 24.8, -1.3],
							"size": [2, 1, 3],
							"pivot": [0, 16, 3],
							"rotation": [17.5, 0, 0],
							"uv": {
								"north": {
									"uv": [61, 59],
									"uv_size": [2, 1]
								},
								"east": {
									"uv": [4, 58],
									"uv_size": [4, 1]
								},
								"south": {
									"uv": [61, 60],
									"uv_size": [2, 1]
								},
								"west": {
									"uv": [58, 11],
									"uv_size": [4, 1]
								},
								"up": {
									"uv": [50, 49],
									"uv_size": [2, 4]
								},
								"down": {
									"uv": [4, 55],
									"uv_size": [2, -4]
								}
							}
						},
						{
							"origin": [-3, 24.2, -2.3],
							"size": [1, 1, 4],
							"pivot": [0, 16, 3],
							"rotation": [17.5, 0, 0],
							"uv": {
								"north": {
									"uv": [45, 62],
									"uv_size": [1, 1]
								},
								"east": {
									"uv": [57, 41],
									"uv_size": [4, 1]
								},
								"south": {
									"uv": [62, 46],
									"uv_size": [1, 1]
								},
								"west": {
									"uv": [57, 42],
									"uv_size": [4, 1]
								},
								"up": {
									"uv": [25, 57],
									"uv_size": [1, 4]
								},
								"down": {
									"uv": [47, 61],
									"uv_size": [1, -4]
								}
							}
						},
						{
							"origin": [2, 24.2, -2.3],
							"size": [1, 1, 4],
							"pivot": [0, 16, 3],
							"rotation": [17.5, 0, 0],
							"uv": {
								"north": {
									"uv": [62, 47],
									"uv_size": [1, 1]
								},
								"east": {
									"uv": [57, 45],
									"uv_size": [4, 1]
								},
								"south": {
									"uv": [48, 62],
									"uv_size": [1, 1]
								},
								"west": {
									"uv": [57, 46],
									"uv_size": [4, 1]
								},
								"up": {
									"uv": [55, 57],
									"uv_size": [1, 4]
								},
								"down": {
									"uv": [57, 59],
									"uv_size": [1, -4]
								}
							}
						},
						{
							"origin": [-1, 24.2, -4.3],
							"size": [2, 1, 1],
							"pivot": [0, 16, 3],
							"rotation": [17.5, 0, 0],
							"uv": {
								"north": {
									"uv": [61, 50],
									"uv_size": [2, 1]
								},
								"east": {
									"uv": [43, 62],
									"uv_size": [1, 1]
								},
								"south": {
									"uv": [61, 51],
									"uv_size": [2, 1]
								},
								"west": {
									"uv": [62, 43],
									"uv_size": [1, 1]
								},
								"up": {
									"uv": [61, 52],
									"uv_size": [2, 1]
								},
								"down": {
									"uv": [61, 54],
									"uv_size": [2, -1]
								}
							}
						},
						{
							"origin": [-1, 24.2, 1.7],
							"size": [2, 1, 1],
							"pivot": [0, 16, 3],
							"rotation": [17.5, 0, 0],
							"uv": {
								"north": {
									"uv": [61, 54],
									"uv_size": [2, 1]
								},
								"east": {
									"uv": [44, 62],
									"uv_size": [1, 1]
								},
								"south": {
									"uv": [61, 55],
									"uv_size": [2, 1]
								},
								"west": {
									"uv": [62, 44],
									"uv_size": [1, 1]
								},
								"up": {
									"uv": [61, 56],
									"uv_size": [2, 1]
								},
								"down": {
									"uv": [61, 58],
									"uv_size": [2, -1]
								}
							}
						},
						{
							"origin": [-2, 16.4, -0.5],
							"size": [4, 1, 3],
							"pivot": [0, 16, 3],
							"rotation": [17.5, 0, 0],
							"uv": {
								"north": {
									"uv": [57, 19],
									"uv_size": [4, 1]
								},
								"east": {
									"uv": [58, 31],
									"uv_size": [3, 1]
								},
								"south": {
									"uv": [57, 25],
									"uv_size": [4, 1]
								},
								"west": {
									"uv": [58, 38],
									"uv_size": [3, 1]
								},
								"up": {
									"uv": [10, 44],
									"uv_size": [4, 3]
								},
								"down": {
									"uv": [14, 47],
									"uv_size": [4, -3]
								}
							}
						},
						{
							"origin": [-4, 17.2, -4.3],
							"size": [8, 1, 7],
							"pivot": [0, 16, 3],
							"rotation": [17.5, 0, 0],
							"uv": {
								"north": {
									"uv": [49, 19],
									"uv_size": [8, 1]
								},
								"east": {
									"uv": [19, 39],
									"uv_size": [7, 1]
								},
								"south": {
									"uv": [50, 2],
									"uv_size": [8, 1]
								},
								"west": {
									"uv": [51, 3],
									"uv_size": [7, 1]
								},
								"up": {
									"uv": [22, 0],
									"uv_size": [8, 7]
								},
								"down": {
									"uv": [6, 29],
									"uv_size": [8, -7]
								}
							}
						},
						{
							"origin": [-3, 17.2, 2.3],
							"size": [6, 1, 1],
							"pivot": [0, 16, 3],
							"rotation": [17.5, 0, 0],
							"uv": {
								"north": {
									"uv": [54, 9],
									"uv_size": [6, 1]
								},
								"east": {
									"uv": [51, 62],
									"uv_size": [1, 1]
								},
								"south": {
									"uv": [54, 47],
									"uv_size": [6, 1]
								},
								"west": {
									"uv": [53, 62],
									"uv_size": [1, 1]
								},
								"up": {
									"uv": [54, 48],
									"uv_size": [6, 1]
								},
								"down": {
									"uv": [55, 11],
									"uv_size": [6, -1]
								}
							}
						},
						{
							"origin": [-1.5, 17.2, -6],
							"size": [3.1, 1, 2],
							"pivot": [0, 16, 3],
							"rotation": [17.5, 0, 0],
							"uv": {
								"north": {
									"uv": [58, 2],
									"uv_size": [4, 1]
								},
								"east": {
									"uv": [61, 58],
									"uv_size": [2, 1]
								},
								"south": {
									"uv": [58, 3],
									"uv_size": [4, 1]
								},
								"west": {
									"uv": [59, 61],
									"uv_size": [2, 1]
								},
								"up": {
									"uv": [43, 50],
									"uv_size": [4, 2]
								},
								"down": {
									"uv": [50, 49],
									"uv_size": [4, -2]
								}
							}
						},
						{
							"origin": [-3, 17.2, -5.3],
							"size": [2, 1, 1],
							"pivot": [0, 16, 3],
							"rotation": [17.5, 0, 0],
							"uv": {
								"north": {
									"uv": [58, 2],
									"uv_size": [4, 1]
								},
								"east": {
									"uv": [61, 58],
									"uv_size": [2, 1]
								},
								"south": {
									"uv": [58, 3],
									"uv_size": [4, 1]
								},
								"west": {
									"uv": [59, 61],
									"uv_size": [2, 1]
								},
								"up": {
									"uv": [43, 50],
									"uv_size": [4, 2]
								},
								"down": {
									"uv": [50, 49],
									"uv_size": [4, -2]
								}
							}
						},
						{
							"origin": [1, 17.2, -5.3],
							"size": [2, 1, 1],
							"pivot": [0, 16, 3],
							"rotation": [17.5, 0, 0],
							"uv": {
								"north": {
									"uv": [58, 2],
									"uv_size": [4, 1]
								},
								"east": {
									"uv": [61, 58],
									"uv_size": [2, 1]
								},
								"south": {
									"uv": [58, 3],
									"uv_size": [4, 1]
								},
								"west": {
									"uv": [59, 61],
									"uv_size": [2, 1]
								},
								"up": {
									"uv": [43, 50],
									"uv_size": [4, 2]
								},
								"down": {
									"uv": [50, 49],
									"uv_size": [4, -2]
								}
							}
						}
					]
				},
				{
					"name": "mouth",
					"parent": "head",
					"pivot": [0, 17, -0.8],
					"rotation": [12.5, 0, 0],
					"cubes": [
						{
							"origin": [-2, 16.8, -3.1],
							"size": [4, 1.4, 3],
							"pivot": [0, 17, 3.2],
							"rotation": [17.5, 0, 0],
							"uv": {
								"north": {
									"uv": [57, 26],
									"uv_size": [4, 1]
								},
								"east": {
									"uv": [29, 57],
									"uv_size": [4, 1]
								},
								"south": {
									"uv": [57, 30],
									"uv_size": [4, 1]
								},
								"west": {
									"uv": [57, 32],
									"uv_size": [4, 1]
								},
								"up": {
									"uv": [26, 40],
									"uv_size": [4, 4]
								},
								"down": {
									"uv": [40, 42],
									"uv_size": [4, -4]
								}
							}
						},
						{
							"origin": [-1, 17, -3.5],
							"size": [2, 0.9, 0.8],
							"pivot": [0, 17, 3.2],
							"rotation": [17.5, 0, 0],
							"uv": {
								"north": {
									"uv": [57, 26],
									"uv_size": [4, 1]
								},
								"east": {
									"uv": [29, 57],
									"uv_size": [4, 1]
								},
								"south": {
									"uv": [57, 30],
									"uv_size": [4, 1]
								},
								"west": {
									"uv": [57, 32],
									"uv_size": [4, 1]
								},
								"up": {
									"uv": [26, 40],
									"uv_size": [4, 4]
								},
								"down": {
									"uv": [40, 42],
									"uv_size": [4, -4]
								}
							}
						},
						{
							"origin": [-1, 17.2, -3.7],
							"size": [2, 0.6, 0.2],
							"pivot": [0, 17, 3.2],
							"rotation": [17.5, 0, 0],
							"uv": {
								"north": {
									"uv": [57, 26],
									"uv_size": [4, 1]
								},
								"east": {
									"uv": [29, 57],
									"uv_size": [4, 1]
								},
								"south": {
									"uv": [57, 30],
									"uv_size": [4, 1]
								},
								"west": {
									"uv": [57, 32],
									"uv_size": [4, 1]
								},
								"up": {
									"uv": [26, 40],
									"uv_size": [4, 4]
								},
								"down": {
									"uv": [40, 42],
									"uv_size": [4, -4]
								}
							}
						},
						{
							"origin": [-3, 17, -2.5],
							"size": [1, 1.2, 3],
							"pivot": [0, 17, 3.2],
							"rotation": [17.5, 0, 0],
							"uv": {
								"north": {
									"uv": [62, 48],
									"uv_size": [1, 1]
								},
								"east": {
									"uv": [59, 0],
									"uv_size": [3, 1]
								},
								"south": {
									"uv": [49, 62],
									"uv_size": [1, 1]
								},
								"west": {
									"uv": [59, 1],
									"uv_size": [3, 1]
								},
								"up": {
									"uv": [26, 60],
									"uv_size": [1, 3]
								},
								"down": {
									"uv": [27, 63],
									"uv_size": [1, -3]
								}
							}
						},
						{
							"origin": [2, 17, -2.5],
							"size": [1, 1.2, 3],
							"pivot": [0, 17, 3.2],
							"rotation": [17.5, 0, 0],
							"uv": {
								"north": {
									"uv": [62, 49],
									"uv_size": [1, 1]
								},
								"east": {
									"uv": [59, 18],
									"uv_size": [3, 1]
								},
								"south": {
									"uv": [50, 62],
									"uv_size": [1, 1]
								},
								"west": {
									"uv": [59, 29],
									"uv_size": [3, 1]
								},
								"up": {
									"uv": [28, 60],
									"uv_size": [1, 3]
								},
								"down": {
									"uv": [29, 63],
									"uv_size": [1, -3]
								}
							}
						}
					]
				},
				{
					"name": "tail",
					"parent": "total",
					"pivot": [0, 5, 6],
					"cubes": [
						{
							"origin": [-2, 3, 4],
							"size": [4, 3, 3],
							"pivot": [0, 6, 6],
							"rotation": [45, 0, 0],
							"uv": {
								"north": {
									"uv": [40, 44],
									"uv_size": [4, 3]
								},
								"east": {
									"uv": [42, 47],
									"uv_size": [3, 3]
								},
								"south": {
									"uv": [44, 41],
									"uv_size": [4, 3]
								},
								"west": {
									"uv": [45, 47],
									"uv_size": [3, 3]
								},
								"up": {
									"uv": [44, 44],
									"uv_size": [4, 3]
								},
								"down": {
									"uv": [46, 3],
									"uv_size": [4, -3]
								}
							}
						},
						{
							"origin": [-1.5, -2.01118, 6.43293],
							"size": [3, 5, 2],
							"pivot": [0, 3, 7],
							"rotation": [70, 0, 0],
							"uv": {
								"north": {
									"uv": [48, 3],
									"uv_size": [3, 3]
								},
								"east": {
									"uv": [37, 54],
									"uv_size": [2, 3]
								},
								"south": {
									"uv": [48, 14],
									"uv_size": [3, 3]
								},
								"west": {
									"uv": [4, 55],
									"uv_size": [2, 3]
								},
								"up": {
									"uv": [55, 11],
									"uv_size": [3, 2]
								},
								"down": {
									"uv": [55, 15],
									"uv_size": [3, -2]
								}
							}
						},
						{
							"origin": [-0.5, -2.46827, 12.00335],
							"size": [1, 4, 1],
							"pivot": [0, 1, 12],
							"rotation": [90, 0, 0],
							"uv": {
								"north": {
									"uv": [52, 61],
									"uv_size": [1, 2]
								},
								"east": {
									"uv": [55, 61],
									"uv_size": [1, 2]
								},
								"south": {
									"uv": [61, 61],
									"uv_size": [1, 2]
								},
								"west": {
									"uv": [62, 0],
									"uv_size": [1, 2]
								},
								"up": {
									"uv": [54, 62],
									"uv_size": [1, 1]
								},
								"down": {
									"uv": [56, 63],
									"uv_size": [1, -1]
								}
							}
						}
					]
				}
			]
		}
	]
}