{
	"format_version": "1.12.0",
	"minecraft:geometry": [
		{
			"description": {
				"identifier": "geometry.sori",
				"texture_width": 128,
				"texture_height": 128,
				"visible_bounds_width": 3,
				"visible_bounds_height": 2.5,
				"visible_bounds_offset": [0, 0.75, 0]
			},
			"bones": [
				{
					"name": "total",
					"pivot": [0, 0, 0]
				},
				{
					"name": "body",
					"parent": "total",
					"pivot": [0, 0, 0],
					"cubes": [
						{
							"origin": [-2, 1, 1],
							"size": [4, 1, 2],
							"uv": [0, 63]
						},
						{
							"origin": [-2, 2, -1],
							"size": [4, 1, 4],
							"uv": [57, 0]
						},
						{
							"origin": [-2, 3, -2],
							"size": [4, 1, 5],
							"uv": [11, 54]
						},
						{
							"origin": [-2, 4, -3],
							"size": [4, 1, 6],
							"uv": [43, 0]
						},
						{
							"origin": [-2, 5, -3],
							"size": [4, 1, 6],
							"uv": [42, 10]
						},
						{
							"origin": [-3, 6, -3],
							"size": [6, 1, 6],
							"uv": [0, 32]
						},
						{
							"origin": [-2, 7, -2],
							"size": [4, 1, 5],
							"uv": [53, 48]
						},
						{
							"origin": [-2, 8, 0],
							"size": [4, 1, 3],
							"uv": [56, 12]
						},
						{
							"origin": [-2, 9, 1],
							"size": [4, 1, 2],
							"uv": [61, 21]
						},
						{
							"origin": [-3, 5, -3],
							"size": [1, 1, 6],
							"uv": [0, 56]
						},
						{
							"origin": [2, 5, -3],
							"size": [1, 1, 6],
							"uv": [8, 60]
						},
						{
							"origin": [-1, 10, 1],
							"size": [2, 1, 2],
							"uv": [21, 22]
						},
						{
							"origin": [-1, 11, 1],
							"size": [2, 1, 2],
							"uv": [22, 6]
						},
						{
							"origin": [2, 4, -3],
							"size": [1, 1, 2],
							"uv": [42, 10]
						},
						{
							"origin": [-3, 4, -3],
							"size": [1, 1, 2],
							"uv": [0, 28]
						},
						{
							"origin": [-1, 9, 3],
							"size": [2, 1, 1],
							"pivot": [0, 9, 3],
							"rotation": [45, 0, 0],
							"uv": [0, 45]
						},
						{
							"origin": [-1, 3, -2.3],
							"size": [2, 2, 2],
							"pivot": [0, 0, 4],
							"rotation": [-45, 0, 0],
							"uv": [22, 11]
						}
					]
				},
				{
					"name": "leg",
					"parent": "total",
					"pivot": [0, 0, 0]
				},
				{
					"name": "leftleg",
					"parent": "leg",
					"pivot": [2, 4, 0],
					"cubes": [
						{
							"origin": [2, 0, -4],
							"size": [4, 1, 7],
							"uv": [17, 38]
						},
						{
							"origin": [2, 1, -3],
							"size": [3, 1, 6],
							"uv": [29, 47]
						},
						{
							"origin": [2, 2, -1],
							"size": [3, 1, 4],
							"uv": [60, 25]
						},
						{
							"origin": [2, 3, -1],
							"size": [2, 1, 4],
							"uv": [61, 54]
						},
						{
							"origin": [2, 4, -1],
							"size": [2, 1, 4],
							"uv": [61, 16]
						}
					]
				},
				{
					"name": "rightleg",
					"parent": "leg",
					"pivot": [-2, 4, 0],
					"cubes": [
						{
							"origin": [-6, 0, -4],
							"size": [4, 1, 7],
							"uv": [37, 20]
						},
						{
							"origin": [-5, 1, -3],
							"size": [3, 1, 6],
							"uv": [41, 48]
						},
						{
							"origin": [-5, 2, -1],
							"size": [3, 1, 4],
							"uv": [60, 30]
						},
						{
							"origin": [-4, 3, -1],
							"size": [2, 1, 4],
							"uv": [55, 61]
						},
						{
							"origin": [-4, 4, -1],
							"size": [2, 1, 4],
							"uv": [18, 32]
						}
					]
				},
				{
					"name": "arm",
					"parent": "total",
					"pivot": [0, 9, 0]
				},
				{
					"name": "leftarm",
					"parent": "arm",
					"pivot": [2, 9, 2],
					"rotation": [0, 0, -5],
					"cubes": [
						{
							"origin": [2, 7, 1],
							"size": [1, 2, 2],
							"uv": [41, 39]
						},
						{
							"origin": [3, 5, 1],
							"size": [1, 3, 2],
							"uv": [0, 32]
						},
						{
							"origin": [4, 4, 0],
							"size": [1, 3, 3],
							"uv": [22, 0]
						},
						{
							"origin": [5, 5, 1],
							"size": [1, 2, 2],
							"uv": [0, 39]
						}
					]
				},
				{
					"name": "rightarm",
					"parent": "arm",
					"pivot": [-2, 9, 2],
					"rotation": [0, 0, 5],
					"cubes": [
						{
							"origin": [-5, 4, 0],
							"size": [1, 3, 3],
							"uv": [0, 22]
						},
						{
							"origin": [-4, 5, 1],
							"size": [1, 3, 2],
							"uv": [21, 25]
						},
						{
							"origin": [-3, 7, 1],
							"size": [1, 2, 2],
							"uv": [37, 22]
						},
						{
							"origin": [-6, 5, 1],
							"size": [1, 2, 2],
							"uv": [32, 38]
						}
					]
				},
				{
					"name": "tail",
					"parent": "total",
					"pivot": [0, 0, 0],
					"cubes": [
						{
							"origin": [-1, 2, 3],
							"size": [2, 1, 3],
							"uv": [63, 61]
						},
						{
							"origin": [-2, 3, 3],
							"size": [4, 1, 4],
							"uv": [56, 7]
						},
						{
							"origin": [-1, 4, 3],
							"size": [2, 1, 5],
							"uv": [10, 39]
						},
						{
							"origin": [-0.7, 5, 6],
							"size": [1.5, 1, 3],
							"uv": [22, 15]
						},
						{
							"origin": [-0.5, 6, 8],
							"size": [1, 1, 1],
							"uv": [54, 30]
						},
						{
							"origin": [-1, 4, 4],
							"size": [2, 1, 1],
							"pivot": [0, 5, 5],
							"rotation": [-45, 0, 0],
							"uv": [41, 43]
						}
					]
				},
				{
					"name": "head",
					"parent": "total",
					"pivot": [0, 10, 1],
					"cubes": [
						{
							"origin": [-3, 11, -8],
							"size": [6, 1, 8],
							"uv": [22, 11]
						},
						{
							"origin": [-3, 11, -8],
							"size": [6, 1, 8],
							"uv": [22, 11]
						},
						{
							"origin": [-3, 12, -8],
							"size": [6, 1, 9],
							"uv": [22, 0]
						},
						{
							"origin": [-3, 13, -9],
							"size": [6, 1, 10],
							"uv": [0, 11]
						},
						{
							"origin": [-3, 14, -9],
							"size": [6, 1, 10],
							"uv": [0, 0]
						},
						{
							"origin": [-3, 15, -8],
							"size": [6, 1, 9],
							"uv": [0, 22]
						},
						{
							"origin": [-2, 16, -7],
							"size": [4, 1, 8],
							"uv": [21, 22]
						},
						{
							"origin": [-1, 17, -6],
							"size": [2, 1, 7],
							"uv": [11, 46]
						},
						{
							"origin": [-2, 12, 1.7],
							"size": [4, 4, 1],
							"uv": [44, 62]
						},
						{
							"origin": [-2, 17, -5],
							"size": [1, 1, 5],
							"uv": [39, 55]
						},
						{
							"origin": [1, 17, -5],
							"size": [1, 1, 5],
							"uv": [22, 46]
						},
						{
							"origin": [2, 16, -6],
							"size": [1, 1, 6],
							"uv": [45, 55]
						},
						{
							"origin": [3, 15, -7],
							"size": [1, 1, 7],
							"uv": [52, 17]
						},
						{
							"origin": [3, 14, -8],
							"size": [1, 1, 8],
							"uv": [41, 39]
						},
						{
							"origin": [3, 13, -8],
							"size": [1, 1, 8],
							"uv": [0, 39]
						},
						{
							"origin": [3, 12, -7],
							"size": [1, 1, 7],
							"uv": [51, 28]
						},
						{
							"origin": [3, 11, -7],
							"size": [1, 1, 6],
							"uv": [53, 54]
						},
						{
							"origin": [3, 10, -6],
							"size": [1, 1, 6],
							"uv": [28, 70]
						},
						{
							"origin": [-4, 10, -6],
							"size": [1, 1, 6],
							"uv": [53, 54]
						},
						{
							"origin": [-4, 15, -7],
							"size": [1, 1, 7],
							"uv": [51, 39]
						},
						{
							"origin": [-3, 16, -6],
							"size": [1, 1, 6],
							"uv": [31, 55]
						},
						{
							"origin": [-1, 16, -8],
							"size": [2, 1, 1],
							"uv": [0, 43]
						},
						{
							"origin": [-2, 15, -9],
							"size": [4, 1, 1],
							"uv": [66, 37]
						},
						{
							"origin": [-2, 14, -10],
							"size": [4, 1, 1],
							"uv": [66, 35]
						},
						{
							"origin": [-2, 13, -10],
							"size": [4, 1, 1],
							"uv": [63, 5]
						},
						{
							"origin": [-2, 12, -9],
							"size": [4, 1, 1],
							"uv": [52, 25]
						},
						{
							"origin": [-2, 11, -9],
							"size": [4, 1, 1],
							"uv": [51, 36]
						},
						{
							"origin": [-2, 11, 0],
							"size": [4, 1, 1],
							"uv": [32, 20]
						},
						{
							"origin": [-3, 12, 1],
							"size": [6, 1, 1],
							"uv": [37, 28]
						},
						{
							"origin": [-3, 14, 1],
							"size": [6, 1, 1],
							"uv": [43, 7]
						},
						{
							"origin": [-3, 13, 1],
							"size": [6, 1, 1],
							"uv": [42, 17]
						},
						{
							"origin": [-3, 15, 1],
							"size": [6, 1, 1],
							"uv": [60, 43]
						},
						{
							"origin": [-1, 16, 1],
							"size": [2, 1, 1],
							"uv": [32, 42]
						},
						{
							"origin": [-3, 10, -7],
							"size": [6, 1, 8],
							"uv": [0, 68]
						}
					]
				},
				{
					"name": "zhuangshi",
					"parent": "head",
					"pivot": [0, 0, 0],
					"cubes": [
						{
							"origin": [-1.8, 13.8, -10.5],
							"size": [2, 2, 1],
							"pivot": [0, 14, -11],
							"rotation": [-10.08453, 7.38542, 43.69038],
							"uv": [42, 13]
						},
						{
							"origin": [2, 17, -3],
							"size": [1, 2, 1],
							"uv": [31, 57]
						},
						{
							"origin": [3, 16, -3],
							"size": [1, 3, 1],
							"uv": [9, 48]
						},
						{
							"origin": [3, 16, -1],
							"size": [1, 3, 1],
							"uv": [0, 48]
						},
						{
							"origin": [3, 16, 1],
							"size": [1, 3, 1],
							"uv": [29, 47]
						},
						{
							"origin": [-4, 17, 2],
							"size": [1, 3, 1],
							"uv": [22, 46],
							"mirror": true
						},
						{
							"origin": [-4, 19, 3],
							"size": [1, 2, 1],
							"uv": [56, 8],
							"mirror": true
						},
						{
							"origin": [-4, 16, 0],
							"size": [1, 2, 1],
							"uv": [12, 56],
							"mirror": true
						},
						{
							"origin": [-4, 16, -1],
							"size": [1, 3, 1],
							"uv": [0, 48],
							"mirror": true
						},
						{
							"origin": [-4, 16, -2],
							"size": [1, 4, 1],
							"uv": [43, 0],
							"mirror": true
						},
						{
							"origin": [-3, 17, -3],
							"size": [1, 2, 1],
							"uv": [31, 57],
							"mirror": true
						},
						{
							"origin": [-4, 16, -3],
							"size": [1, 3, 1],
							"uv": [9, 48],
							"mirror": true
						},
						{
							"origin": [-4.5, 15, -3],
							"size": [1, 3, 4],
							"uv": [60, 36],
							"mirror": true
						},
						{
							"origin": [-4, 16, -4],
							"size": [1, 2, 1],
							"uv": [57, 0],
							"mirror": true
						},
						{
							"origin": [-4, 16, 1],
							"size": [1, 3, 1],
							"uv": [29, 47],
							"mirror": true
						},
						{
							"origin": [3, 16, -4],
							"size": [1, 2, 1],
							"uv": [57, 0]
						},
						{
							"origin": [3, 16, 0],
							"size": [1, 2, 1],
							"uv": [12, 56]
						},
						{
							"origin": [3, 16, -2],
							"size": [1, 4, 1],
							"uv": [43, 0]
						},
						{
							"origin": [3, 17, 2],
							"size": [1, 3, 1],
							"uv": [22, 46]
						},
						{
							"origin": [3, 19, 3],
							"size": [1, 2, 1],
							"uv": [56, 8]
						},
						{
							"origin": [3.5, 15, -3],
							"size": [1, 3, 4],
							"uv": [60, 36]
						},
						{
							"origin": [3.5, 13.4, -7],
							"size": [1, 2, 1],
							"pivot": [5, 13, -3],
							"rotation": [0, 0, 12.5],
							"uv": [46, 55]
						},
						{
							"origin": [3.5, 14.1, -6],
							"size": [1, 1, 1],
							"pivot": [5, 13, -3],
							"rotation": [0, 0, 12.5],
							"uv": [53, 51]
						},
						{
							"origin": [3.5, 14.4, -5],
							"size": [1, 2, 1],
							"pivot": [5, 13, -3],
							"rotation": [0, 0, 12.5],
							"uv": [39, 55]
						},
						{
							"origin": [3.5, 14.1, -4],
							"size": [1, 2, 1],
							"pivot": [5, 13, -3],
							"rotation": [0, 0, 12.5],
							"uv": [55, 21]
						},
						{
							"origin": [3.5, 13, -3],
							"size": [1, 2, 1],
							"pivot": [5, 13, -3],
							"rotation": [0, 0, 12.5],
							"uv": [31, 54]
						},
						{
							"origin": [3.5, 13, -2],
							"size": [1, 2, 1],
							"pivot": [5, 13, -3],
							"rotation": [0, 0, 12.5],
							"uv": [24, 54]
						},
						{
							"origin": [3.5, 14, 0],
							"size": [1, 2, 1],
							"pivot": [5, 13, -3],
							"rotation": [0, 0, 12.5],
							"uv": [53, 48]
						},
						{
							"origin": [3.5, 16, 1],
							"size": [1, 1, 1],
							"pivot": [5, 13, -3],
							"rotation": [0, 0, 12.5],
							"uv": [41, 51]
						},
						{
							"origin": [3.5, 14, -1],
							"size": [1, 1, 1],
							"pivot": [5, 13, -3],
							"rotation": [0, 0, 12.5],
							"uv": [0, 53]
						},
						{
							"origin": [3, 11, -1],
							"size": [1, 2, 1],
							"pivot": [5, 12, -1],
							"rotation": [-7.20123, 22.54102, 0.70573],
							"uv": [41, 48]
						},
						{
							"origin": [3, 13.3, 2],
							"size": [1, 1, 1],
							"pivot": [5, 12, -1],
							"rotation": [-7.20123, 22.54102, 0.70573],
							"uv": [45, 30]
						},
						{
							"origin": [3, 9.6, 2],
							"size": [1, 1, 1],
							"pivot": [5, 12, -1],
							"rotation": [-7.20123, 22.54102, 0.70573],
							"uv": [10, 45]
						},
						{
							"origin": [-4, 11, -1],
							"size": [1, 2, 1],
							"pivot": [-5, 12, -1],
							"rotation": [-7.20123, -22.54102, -0.70573],
							"uv": [5, 22]
						},
						{
							"origin": [-4, 10.5, 0],
							"size": [1, 3, 1],
							"pivot": [-5, 12, -1],
							"rotation": [-7.20123, -22.54102, -0.70573],
							"uv": [0, 0]
						},
						{
							"origin": [-4, 10, 1],
							"size": [1, 4, 1],
							"pivot": [-5, 12, -1],
							"rotation": [-7.20123, -22.54102, -0.70573],
							"uv": [10, 39]
						},
						{
							"origin": [-4, 13.3, 2],
							"size": [1, 1, 1],
							"pivot": [-5, 12, -1],
							"rotation": [-7.20123, -22.54102, -0.70573],
							"uv": [25, 25]
						},
						{
							"origin": [-4, 11, 2],
							"size": [1, 2, 1],
							"pivot": [-5, 12, -1],
							"rotation": [-7.20123, -22.54102, -0.70573],
							"uv": [27, 0]
						},
						{
							"origin": [-4, 11.6, 3],
							"size": [1, 1, 1],
							"pivot": [-5, 12, -1],
							"rotation": [-7.20123, -22.54102, -0.70573],
							"uv": [4, 28]
						},
						{
							"origin": [-4, 9.6, 2],
							"size": [1, 1, 1],
							"pivot": [-5, 12, -1],
							"rotation": [-7.20123, -22.54102, -0.70573],
							"uv": [4, 39]
						},
						{
							"origin": [3, 11, 2],
							"size": [1, 2, 1],
							"pivot": [5, 12, -1],
							"rotation": [-7.20123, 22.54102, 0.70573],
							"uv": [13, 48]
						},
						{
							"origin": [3, 11.6, 3],
							"size": [1, 1, 1],
							"pivot": [5, 12, -1],
							"rotation": [-7.20123, 22.54102, 0.70573],
							"uv": [14, 45]
						},
						{
							"origin": [3, 10.5, 0],
							"size": [1, 3, 1],
							"pivot": [5, 12, -1],
							"rotation": [-7.20123, 22.54102, 0.70573],
							"uv": [6, 0]
						},
						{
							"origin": [3, 10, 1],
							"size": [1, 4, 1],
							"pivot": [5, 12, -1],
							"rotation": [-7.20123, 22.54102, 0.70573],
							"uv": [19, 39]
						},
						{
							"origin": [3.7, 13.8, -6.7],
							"size": [1, 1, 1],
							"uv": [0, 67]
						},
						{
							"origin": [-4, 11, -7],
							"size": [1, 1, 6],
							"uv": [53, 54],
							"mirror": true
						},
						{
							"origin": [-4, 14, -8],
							"size": [1, 1, 8],
							"uv": [41, 39],
							"mirror": true
						},
						{
							"origin": [-4, 13, -8],
							"size": [1, 1, 8],
							"uv": [0, 39],
							"mirror": true
						},
						{
							"origin": [-4, 12, -7],
							"size": [1, 1, 7],
							"uv": [51, 28],
							"mirror": true
						},
						{
							"origin": [-4.5, 14, -1],
							"size": [1, 1, 1],
							"pivot": [-5, 13, -3],
							"rotation": [0, 0, -12.5],
							"uv": [0, 53],
							"mirror": true
						},
						{
							"origin": [-4.5, 16, 1],
							"size": [1, 1, 1],
							"pivot": [-5, 13, -3],
							"rotation": [0, 0, -12.5],
							"uv": [41, 51],
							"mirror": true
						},
						{
							"origin": [-4.5, 14, 0],
							"size": [1, 2, 1],
							"pivot": [-5, 13, -3],
							"rotation": [0, 0, -12.5],
							"uv": [53, 48],
							"mirror": true
						},
						{
							"origin": [-4.5, 13, -3],
							"size": [1, 2, 1],
							"pivot": [-5, 13, -3],
							"rotation": [0, 0, -12.5],
							"uv": [31, 54],
							"mirror": true
						},
						{
							"origin": [-4.5, 13, -2],
							"size": [1, 2, 1],
							"pivot": [-5, 13, -3],
							"rotation": [0, 0, -12.5],
							"uv": [24, 54],
							"mirror": true
						},
						{
							"origin": [-4.5, 14.1, -4],
							"size": [1, 2, 1],
							"pivot": [-5, 13, -3],
							"rotation": [0, 0, -12.5],
							"uv": [55, 21],
							"mirror": true
						},
						{
							"origin": [-4.5, 14.4, -5],
							"size": [1, 2, 1],
							"pivot": [-5, 13, -3],
							"rotation": [0, 0, -12.5],
							"uv": [39, 55],
							"mirror": true
						},
						{
							"origin": [-4.5, 14.1, -6],
							"size": [1, 1, 1],
							"pivot": [-5, 13, -3],
							"rotation": [0, 0, -12.5],
							"uv": [53, 51],
							"mirror": true
						},
						{
							"origin": [-4.5, 13.4, -7],
							"size": [1, 2, 1],
							"pivot": [-5, 13, -3],
							"rotation": [0, 0, -12.5],
							"uv": [46, 55],
							"mirror": true
						},
						{
							"origin": [-4.7, 13.8, -6.7],
							"size": [1, 1, 1],
							"uv": [0, 67],
							"mirror": true
						}
					]
				},
				{
					"name": "mouth",
					"parent": "head",
					"pivot": [0, 0, 0],
					"cubes": [
						{
							"origin": [-3, 9.5, -5.4],
							"size": [6, 1, 6],
							"pivot": [0, 9, 0],
							"rotation": [5, 0, 0],
							"uv": [24, 31]
						},
						{
							"origin": [-2, 10, -8],
							"size": [4, 1, 1],
							"uv": [20, 74]
						},
						{
							"origin": [-2, 9, 0],
							"size": [4, 1, 1],
							"uv": [0, 7]
						}
					]
				}
			]
		}
	]
}