{
    "format_version": "1.12.0",
    "minecraft:geometry": [
        {
            "bones": [
                {
                    "cubes": [
                        {
                            "origin": [
                                -4,
                                3,
                                -4
                            ],
                            "size": [
                                9,
                                1,
                                10
                            ],
                            "uv": [
                                0,
                                47
                            ]
                        },
                        {
                            "origin": [
                                -4,
                                4,
                                -5
                            ],
                            "size": [
                                9,
                                1,
                                11
                            ],
                            "uv": [
                                30,
                                13
                            ]
                        },
                        {
                            "origin": [
                                -4,
                                5,
                                -6
                            ],
                            "size": [
                                9,
                                1,
                                12
                            ],
                            "uv": [
                                0,
                                13
                            ]
                        },
                        {
                            "origin": [
                                -4,
                                6,
                                -6
                            ],
                            "size": [
                                9,
                                1,
                                12
                            ],
                            "uv": [
                                0,
                                0
                            ]
                        },
                        {
                            "origin": [
                                -3,
                                7,
                                -5
                            ],
                            "size": [
                                7,
                                1,
                                11
                            ],
                            "uv": [
                                52,
                                57
                            ]
                        },
                        {
                            "origin": [
                                -3,
                                8,
                                -5
                            ],
                            "size": [
                                7,
                                1,
                                11
                            ],
                            "uv": [
                                27,
                                56
                            ]
                        },
                        {
                            "origin": [
                                -2,
                                9,
                                -4
                            ],
                            "size": [
                                5,
                                1,
                                5
                            ],
                            "uv": [
                                58,
                                69
                            ]
                        },
                        {
                            "origin": [
                                -2,
                                10,
                                -3
                            ],
                            "size": [
                                5,
                                1,
                                3
                            ],
                            "uv": [
                                38,
                                83
                            ]
                        },
                        {
                            "origin": [
                                -1,
                                11,
                                -3
                            ],
                            "size": [
                                3,
                                1,
                                3
                            ],
                            "uv": [
                                28,
                                51
                            ]
                        },
                        {
                            "origin": [
                                -1,
                                2,
                                -4
                            ],
                            "size": [
                                3,
                                1,
                                7
                            ],
                            "uv": [
                                63,
                                19
                            ]
                        },
                        {
                            "origin": [
                                0,
                                9.3,
                                0
                            ],
                            "pivot": [
                                0,
                                9,
                                1
                            ],
                            "rotation": [
                                -22.5,
                                0,
                                0
                            ],
                            "size": [
                                1,
                                2,
                                1
                            ],
                            "uv": [
                                0,
                                6
                            ]
                        },
                        {
                            "origin": [
                                0,
                                9,
                                3
                            ],
                            "size": [
                                1,
                                2,
                                2
                            ],
                            "uv": [
                                32,
                                31
                            ]
                        },
                        {
                            "origin": [
                                0,
                                9,
                                7
                            ],
                            "size": [
                                1,
                                1,
                                1
                            ],
                            "uv": [
                                8,
                                22
                            ]
                        },
                        {
                            "origin": [
                                -3,
                                7,
                                -6
                            ],
                            "size": [
                                7,
                                1,
                                1
                            ],
                            "uv": [
                                10,
                                93
                            ]
                        }
                    ],
                    "name": "body",
                    "pivot": [
                        0,
                        7,
                        0
                    ]
                },
                {
                    "name": "leg",
                    "pivot": [
                        0,
                        0,
                        0
                    ]
                },
                {
                    "cubes": [
                        {
                            "origin": [
                                1,
                                0,
                                -5
                            ],
                            "size": [
                                5,
                                1,
                                5
                            ],
                            "uv": [
                                38,
                                69
                            ]
                        },
                        {
                            "origin": [
                                2,
                                1,
                                -4
                            ],
                            "size": [
                                4,
                                1,
                                4
                            ],
                            "uv": [
                                83,
                                26
                            ]
                        },
                        {
                            "origin": [
                                2,
                                2,
                                -4
                            ],
                            "size": [
                                3,
                                1,
                                4
                            ],
                            "uv": [
                                14,
                                85
                            ]
                        }
                    ],
                    "name": "leftleg1",
                    "parent": "leg",
                    "pivot": [
                        3,
                        3,
                        -2
                    ]
                },
                {
                    "cubes": [
                        {
                            "origin": [
                                -5,
                                0,
                                2
                            ],
                            "size": [
                                5,
                                1,
                                4
                            ],
                            "uv": [
                                67,
                                52
                            ]
                        },
                        {
                            "origin": [
                                -4,
                                2,
                                2
                            ],
                            "size": [
                                3,
                                1,
                                4
                            ],
                            "uv": [
                                75,
                                84
                            ]
                        },
                        {
                            "origin": [
                                -5,
                                1,
                                3
                            ],
                            "size": [
                                4,
                                1,
                                3
                            ],
                            "uv": [
                                24,
                                85
                            ]
                        }
                    ],
                    "name": "rightleg2",
                    "parent": "leg",
                    "pivot": [
                        -3,
                        3,
                        4
                    ]
                },
                {
                    "cubes": [
                        {
                            "origin": [
                                -5,
                                0,
                                -5
                            ],
                            "size": [
                                5,
                                1,
                                5
                            ],
                            "uv": [
                                64,
                                37
                            ]
                        },
                        {
                            "origin": [
                                -5,
                                1,
                                -4
                            ],
                            "size": [
                                4,
                                1,
                                4
                            ],
                            "uv": [
                                80,
                                41
                            ]
                        },
                        {
                            "origin": [
                                -4,
                                2,
                                -4
                            ],
                            "size": [
                                3,
                                1,
                                4
                            ],
                            "uv": [
                                50,
                                83
                            ]
                        }
                    ],
                    "name": "rightleg1",
                    "parent": "leg",
                    "pivot": [
                        -3,
                        3,
                        -2
                    ]
                },
                {
                    "cubes": [
                        {
                            "origin": [
                                1,
                                0.02664,
                                2.38991
                            ],
                            "size": [
                                5,
                                1,
                                4
                            ],
                            "uv": [
                                76,
                                19
                            ]
                        },
                        {
                            "origin": [
                                2,
                                1.02664,
                                3.38991
                            ],
                            "size": [
                                4,
                                1,
                                3
                            ],
                            "uv": [
                                85,
                                84
                            ]
                        },
                        {
                            "origin": [
                                2,
                                2.02664,
                                2.38991
                            ],
                            "size": [
                                3,
                                1,
                                4
                            ],
                            "uv": [
                                0,
                                85
                            ]
                        }
                    ],
                    "name": "leftleg2",
                    "parent": "leg",
                    "pivot": [
                        4,
                        3,
                        4
                    ]
                },
                {
                    "name": "arm",
                    "pivot": [
                        0,
                        0,
                        0
                    ]
                },
                {
                    "name": "right",
                    "parent": "arm",
                    "pivot": [
                        0,
                        0,
                        0
                    ]
                },
                {
                    "name": "right2",
                    "parent": "arm",
                    "pivot": [
                        0,
                        0,
                        0
                    ]
                },
                {
                    "cubes": [
                        {
                            "origin": [
                                -2,
                                5,
                                6
                            ],
                            "size": [
                                5,
                                4,
                                1
                            ],
                            "uv": [
                                0,
                                13
                            ]
                        },
                        {
                            "origin": [
                                -1,
                                6,
                                7
                            ],
                            "size": [
                                3,
                                3,
                                1
                            ],
                            "uv": [
                                30,
                                4
                            ]
                        },
                        {
                            "origin": [
                                -1,
                                6.5,
                                8
                            ],
                            "size": [
                                3,
                                3,
                                1
                            ],
                            "uv": [
                                30,
                                0
                            ]
                        },
                        {
                            "origin": [
                                0,
                                7.8,
                                9
                            ],
                            "size": [
                                1,
                                2,
                                1
                            ],
                            "uv": [
                                7,
                                0
                            ]
                        }
                    ],
                    "name": "tail",
                    "pivot": [
                        0,
                        7,
                        6
                    ]
                },
                {
                    "cubes": [
                        {
                            "origin": [
                                -5,
                                13.02661,
                                -9.78932
                            ],
                            "size": [
                                11,
                                1,
                                8
                            ],
                            "uv": [
                                0,
                                58
                            ]
                        },
                        {
                            "origin": [
                                -5,
                                17.02661,
                                -9.78932
                            ],
                            "size": [
                                11,
                                1,
                                9
                            ],
                            "uv": [
                                31,
                                46
                            ]
                        },
                        {
                            "origin": [
                                -5,
                                18.02661,
                                -9.78932
                            ],
                            "size": [
                                11,
                                1,
                                9
                            ],
                            "uv": [
                                0,
                                37
                            ]
                        },
                        {
                            "origin": [
                                -5,
                                20.02661,
                                -8.78932
                            ],
                            "size": [
                                11,
                                1,
                                7
                            ],
                            "uv": [
                                59,
                                11
                            ]
                        },
                        {
                            "origin": [
                                -5,
                                21.02661,
                                -6.78932
                            ],
                            "size": [
                                11,
                                1,
                                5
                            ],
                            "uv": [
                                62,
                                46
                            ]
                        },
                        {
                            "origin": [
                                -5,
                                19.02661,
                                -9.78932
                            ],
                            "size": [
                                11,
                                1,
                                9
                            ],
                            "uv": [
                                33,
                                36
                            ]
                        },
                        {
                            "origin": [
                                -5,
                                14.02661,
                                -10.78932
                            ],
                            "size": [
                                11,
                                1,
                                9
                            ],
                            "uv": [
                                32,
                                26
                            ]
                        },
                        {
                            "origin": [
                                -5,
                                15.02661,
                                -10.78932
                            ],
                            "size": [
                                11,
                                1,
                                10
                            ],
                            "uv": [
                                30,
                                0
                            ]
                        },
                        {
                            "origin": [
                                -5,
                                16.02661,
                                -10.78932
                            ],
                            "size": [
                                11,
                                1,
                                10
                            ],
                            "uv": [
                                0,
                                26
                            ]
                        },
                        {
                            "origin": [
                                -4,
                                21.02661,
                                -1.78932
                            ],
                            "size": [
                                9,
                                1,
                                1
                            ],
                            "uv": [
                                81,
                                54
                            ]
                        },
                        {
                            "origin": [
                                -4,
                                20.02661,
                                -1.78932
                            ],
                            "size": [
                                9,
                                1,
                                1
                            ],
                            "uv": [
                                81,
                                52
                            ]
                        },
                        {
                            "origin": [
                                -4,
                                21.02661,
                                -7.78932
                            ],
                            "size": [
                                9,
                                1,
                                1
                            ],
                            "uv": [
                                80,
                                73
                            ]
                        },
                        {
                            "origin": [
                                -4,
                                19.02661,
                                -0.78932
                            ],
                            "size": [
                                9,
                                1,
                                1
                            ],
                            "uv": [
                                80,
                                71
                            ]
                        },
                        {
                            "origin": [
                                -4,
                                19.02661,
                                -10.78932
                            ],
                            "size": [
                                9,
                                1,
                                1
                            ],
                            "uv": [
                                80,
                                69
                            ]
                        },
                        {
                            "origin": [
                                -4,
                                18.02661,
                                -10.78932
                            ],
                            "size": [
                                9,
                                1,
                                1
                            ],
                            "uv": [
                                79,
                                39
                            ]
                        },
                        {
                            "origin": [
                                -4,
                                17.02661,
                                -10.78932
                            ],
                            "size": [
                                9,
                                1,
                                1
                            ],
                            "uv": [
                                77,
                                65
                            ]
                        },
                        {
                            "origin": [
                                -4,
                                16.02661,
                                -11.78932
                            ],
                            "size": [
                                9,
                                1,
                                1
                            ],
                            "uv": [
                                77,
                                63
                            ]
                        },
                        {
                            "origin": [
                                -4,
                                15.02661,
                                -11.78932
                            ],
                            "size": [
                                9,
                                1,
                                1
                            ],
                            "uv": [
                                77,
                                59
                            ]
                        },
                        {
                            "origin": [
                                -4,
                                14.02661,
                                -11.78932
                            ],
                            "size": [
                                9,
                                1,
                                1
                            ],
                            "uv": [
                                76,
                                24
                            ]
                        },
                        {
                            "origin": [
                                -4,
                                13.02661,
                                -10.78932
                            ],
                            "size": [
                                9,
                                1,
                                1
                            ],
                            "uv": [
                                64,
                                43
                            ]
                        },
                        {
                            "origin": [
                                -4,
                                13.02661,
                                -1.78932
                            ],
                            "size": [
                                9,
                                1,
                                1
                            ],
                            "uv": [
                                42,
                                11
                            ]
                        },
                        {
                            "origin": [
                                -4,
                                14.02661,
                                -1.78932
                            ],
                            "size": [
                                9,
                                1,
                                1
                            ],
                            "uv": [
                                72,
                                9
                            ]
                        },
                        {
                            "origin": [
                                -4,
                                16.02661,
                                -0.78932
                            ],
                            "size": [
                                9,
                                1,
                                1
                            ],
                            "uv": [
                                77,
                                61
                            ]
                        },
                        {
                            "origin": [
                                -4,
                                15.02661,
                                -0.78932
                            ],
                            "size": [
                                9,
                                1,
                                1
                            ],
                            "uv": [
                                77,
                                57
                            ]
                        },
                        {
                            "origin": [
                                -4,
                                18.02661,
                                -0.78932
                            ],
                            "size": [
                                9,
                                1,
                                1
                            ],
                            "uv": [
                                79,
                                37
                            ]
                        },
                        {
                            "origin": [
                                -4,
                                17.02661,
                                -0.78932
                            ],
                            "size": [
                                9,
                                1,
                                1
                            ],
                            "uv": [
                                64,
                                77
                            ]
                        },
                        {
                            "origin": [
                                -4,
                                20.02661,
                                -9.78932
                            ],
                            "size": [
                                9,
                                1,
                                1
                            ],
                            "uv": [
                                64,
                                79
                            ]
                        },
                        {
                            "origin": [
                                6,
                                21.02661,
                                -5.78932
                            ],
                            "size": [
                                1,
                                1,
                                3
                            ],
                            "uv": [
                                0,
                                31
                            ]
                        },
                        {
                            "origin": [
                                6,
                                20.02661,
                                -7.78932
                            ],
                            "size": [
                                1,
                                1,
                                5
                            ],
                            "uv": [
                                0,
                                6
                            ]
                        },
                        {
                            "origin": [
                                6,
                                19.02661,
                                -8.78932
                            ],
                            "size": [
                                1,
                                1,
                                7
                            ],
                            "uv": [
                                25,
                                77
                            ]
                        },
                        {
                            "mirror": true,
                            "origin": [
                                -6,
                                15.02661,
                                -9.78932
                            ],
                            "size": [
                                1,
                                1,
                                8
                            ],
                            "uv": [
                                0,
                                67
                            ]
                        },
                        {
                            "mirror": true,
                            "origin": [
                                -6,
                                16.02661,
                                -9.78932
                            ],
                            "size": [
                                1,
                                1,
                                8
                            ],
                            "uv": [
                                10,
                                68
                            ]
                        },
                        {
                            "mirror": true,
                            "origin": [
                                -6,
                                17.02661,
                                -8.78932
                            ],
                            "size": [
                                1,
                                1,
                                7
                            ],
                            "uv": [
                                74,
                                27
                            ]
                        },
                        {
                            "mirror": true,
                            "origin": [
                                -6,
                                18.02661,
                                -8.78932
                            ],
                            "size": [
                                1,
                                1,
                                7
                            ],
                            "uv": [
                                0,
                                76
                            ]
                        },
                        {
                            "mirror": true,
                            "origin": [
                                -6,
                                19.02661,
                                -8.78932
                            ],
                            "size": [
                                1,
                                1,
                                7
                            ],
                            "uv": [
                                25,
                                77
                            ]
                        },
                        {
                            "origin": [
                                6,
                                18.02661,
                                -8.78932
                            ],
                            "size": [
                                1,
                                1,
                                7
                            ],
                            "uv": [
                                0,
                                76
                            ]
                        },
                        {
                            "origin": [
                                6,
                                17.02661,
                                -8.78932
                            ],
                            "size": [
                                1,
                                1,
                                7
                            ],
                            "uv": [
                                74,
                                27
                            ]
                        },
                        {
                            "origin": [
                                6,
                                16.02661,
                                -9.78932
                            ],
                            "size": [
                                1,
                                1,
                                8
                            ],
                            "uv": [
                                10,
                                68
                            ]
                        },
                        {
                            "origin": [
                                6,
                                15.02661,
                                -9.78932
                            ],
                            "size": [
                                1,
                                1,
                                8
                            ],
                            "uv": [
                                0,
                                67
                            ]
                        },
                        {
                            "origin": [
                                6,
                                14.02661,
                                -9.78932
                            ],
                            "size": [
                                1,
                                1,
                                7
                            ],
                            "uv": [
                                71,
                                69
                            ]
                        },
                        {
                            "origin": [
                                6,
                                13.02661,
                                -8.78932
                            ],
                            "size": [
                                1,
                                1,
                                6
                            ],
                            "uv": [
                                65,
                                81
                            ]
                        },
                        {
                            "origin": [
                                -6,
                                13.02661,
                                -8.78932
                            ],
                            "size": [
                                1,
                                1,
                                6
                            ],
                            "uv": [
                                78,
                                77
                            ]
                        },
                        {
                            "origin": [
                                -6,
                                14.02661,
                                -9.78932
                            ],
                            "size": [
                                1,
                                1,
                                7
                            ],
                            "uv": [
                                20,
                                68
                            ]
                        },
                        {
                            "origin": [
                                -6,
                                20.02661,
                                -7.78932
                            ],
                            "size": [
                                1,
                                1,
                                5
                            ],
                            "uv": [
                                0,
                                0
                            ]
                        },
                        {
                            "origin": [
                                -6,
                                21.02661,
                                -5.78932
                            ],
                            "size": [
                                1,
                                1,
                                3
                            ],
                            "uv": [
                                30,
                                17
                            ]
                        }
                    ],
                    "name": "head",
                    "pivot": [
                        0,
                        12,
                        0
                    ]
                },
                {
                    "cubes": [
                        {
                            "origin": [
                                5,
                                12.02661,
                                -8.78932
                            ],
                            "size": [
                                1,
                                1,
                                6
                            ],
                            "uv": [
                                18,
                                77
                            ]
                        },
                        {
                            "origin": [
                                -4,
                                12.02661,
                                -9.78932
                            ],
                            "size": [
                                9,
                                1,
                                8
                            ],
                            "uv": [
                                62,
                                0
                            ]
                        },
                        {
                            "origin": [
                                -3,
                                12.02661,
                                -1.78932
                            ],
                            "size": [
                                7,
                                1,
                                1
                            ],
                            "uv": [
                                82,
                                35
                            ]
                        },
                        {
                            "origin": [
                                -5,
                                12.02661,
                                -8.78932
                            ],
                            "size": [
                                1,
                                1,
                                6
                            ],
                            "uv": [
                                48,
                                75
                            ]
                        }
                    ],
                    "name": "mouth",
                    "parent": "head",
                    "pivot": [
                        0,
                        13.02661,
                        -0.78932
                    ]
                },
                {
                    "cubes": [
                        {
                            "origin": [
                                -1,
                                17.02661,
                                -11.78932
                            ],
                            "size": [
                                3,
                                3,
                                1
                            ],
                            "uv": [
                                30,
                                13
                            ]
                        },
                        {
                            "origin": [
                                0,
                                18.02661,
                                -12.78932
                            ],
                            "size": [
                                1,
                                3,
                                1
                            ],
                            "uv": [
                                0,
                                0
                            ]
                        },
                        {
                            "origin": [
                                -1,
                                22.02661,
                                -5.88932
                            ],
                            "size": [
                                3,
                                1,
                                1
                            ],
                            "uv": [
                                0,
                                22
                            ]
                        },
                        {
                            "origin": [
                                7,
                                16.02661,
                                -2.78932
                            ],
                            "size": [
                                1,
                                1.5,
                                1.5
                            ],
                            "uv": [
                                0,
                                9
                            ]
                        },
                        {
                            "origin": [
                                7,
                                13.42661,
                                -3.18932
                            ],
                            "size": [
                                1,
                                1.5,
                                1.5
                            ],
                            "uv": [
                                7,
                                8
                            ]
                        },
                        {
                            "origin": [
                                0,
                                21.02661,
                                -2.78932
                            ],
                            "size": [
                                1,
                                2,
                                3
                            ],
                            "uv": [
                                0,
                                26
                            ]
                        },
                        {
                            "origin": [
                                0,
                                19.02661,
                                -8.78932
                            ],
                            "pivot": [
                                0,
                                21.02661,
                                -6.78932
                            ],
                            "rotation": [
                                -45,
                                0,
                                0
                            ],
                            "size": [
                                1,
                                2,
                                2
                            ],
                            "uv": [
                                31,
                                37
                            ]
                        },
                        {
                            "origin": [
                                0,
                                21.02661,
                                -7.78932
                            ],
                            "pivot": [
                                0,
                                21.02661,
                                -6.78932
                            ],
                            "rotation": [
                                -45,
                                0,
                                0
                            ],
                            "size": [
                                1,
                                3,
                                2
                            ],
                            "uv": [
                                32,
                                26
                            ]
                        },
                        {
                            "origin": [
                                0,
                                22.02661,
                                0.21068
                            ],
                            "pivot": [
                                0,
                                21.02661,
                                -6.78932
                            ],
                            "rotation": [
                                -45,
                                0,
                                0
                            ],
                            "size": [
                                1,
                                2,
                                2
                            ],
                            "uv": [
                                0,
                                37
                            ]
                        },
                        {
                            "origin": [
                                -7,
                                13.42661,
                                -3.18932
                            ],
                            "size": [
                                1,
                                1.5,
                                1.5
                            ],
                            "uv": [
                                7,
                                3
                            ]
                        },
                        {
                            "origin": [
                                -7,
                                16.02661,
                                -2.78932
                            ],
                            "size": [
                                1,
                                1.5,
                                1.5
                            ],
                            "uv": [
                                7,
                                6
                            ]
                        },
                        {
                            "origin": [
                                5,
                                21.02661,
                                -1.78932
                            ],
                            "size": [
                                1,
                                1,
                                2
                            ],
                            "uv": [
                                0,
                                91
                            ]
                        },
                        {
                            "origin": [
                                -5,
                                21.02661,
                                -1.78932
                            ],
                            "size": [
                                1,
                                1,
                                2
                            ],
                            "uv": [
                                0,
                                91
                            ]
                        }
                    ],
                    "name": "zhuangshi",
                    "parent": "head",
                    "pivot": [
                        0,
                        0.02661,
                        -0.78932
                    ]
                }
            ],
            "description": {
                "identifier": "geometry.giardo",
                "texture_height": 128,
                "texture_width": 128,
                "visible_bounds_height": 2.5,
                "visible_bounds_offset": [
                    0,
                    0.75,
                    0
                ],
                "visible_bounds_width": 3
            }
        }
    ]
}