{
	"format_version": "1.12.0",
	"minecraft:geometry": [
		{
			"description": {
				"identifier": "geometry.kavili",
				"texture_width": 128,
				"texture_height": 128,
				"visible_bounds_width": 2,
				"visible_bounds_height": 2.5,
				"visible_bounds_offset": [0, 0.75, 0]
			},
			"bones": [
				{
					"name": "total",
					"pivot": [0, 1, 0]
				},
				{
					"name": "head",
					"parent": "total",
					"pivot": [0, 10.5, -1.6],
					"cubes": [
						{
							"origin": [-4, 11.47262, -9.11412],
							"size": [9, 1, 9],
							"uv": {
								"north": {
									"uv": [49, 25],
									"uv_size": [9, 1]
								},
								"east": {
									"uv": [51, 13],
									"uv_size": [9, 1]
								},
								"south": {
									"uv": [51, 14],
									"uv_size": [9, 1]
								},
								"west": {
									"uv": [51, 15],
									"uv_size": [9, 1]
								},
								"up": {
									"uv": [27, 33],
									"uv_size": [9, 9]
								},
								"down": {
									"uv": [36, 9],
									"uv_size": [9, -9]
								}
							}
						},
						{
							"origin": [-2, 11.47262, -10.11412],
							"size": [5, 1, 1],
							"uv": {
								"north": {
									"uv": [49, 25],
									"uv_size": [9, 1]
								},
								"east": {
									"uv": [51, 13],
									"uv_size": [9, 1]
								},
								"south": {
									"uv": [51, 14],
									"uv_size": [9, 1]
								},
								"west": {
									"uv": [51, 15],
									"uv_size": [9, 1]
								},
								"up": {
									"uv": [27, 33],
									"uv_size": [9, 9]
								},
								"down": {
									"uv": [36, 9],
									"uv_size": [9, -9]
								}
							}
						},
						{
							"origin": [-4, 12.47262, -10.11412],
							"size": [9, 1, 11],
							"uv": {
								"north": {
									"uv": [51, 16],
									"uv_size": [9, 1]
								},
								"east": {
									"uv": [48, 3],
									"uv_size": [11, 1]
								},
								"south": {
									"uv": [51, 17],
									"uv_size": [9, 1]
								},
								"west": {
									"uv": [48, 4],
									"uv_size": [11, 1]
								},
								"up": {
									"uv": [18, 26],
									"uv_size": [9, 11]
								},
								"down": {
									"uv": [27, 11],
									"uv_size": [9, -11]
								}
							}
						},
						{
							"origin": [-4, 15.47262, -11.11412],
							"size": [9, 1, 13],
							"uv": {
								"north": {
									"uv": [51, 18],
									"uv_size": [9, 1]
								},
								"east": {
									"uv": [46, 26],
									"uv_size": [13, 1]
								},
								"south": {
									"uv": [51, 27],
									"uv_size": [9, 1]
								},
								"west": {
									"uv": [46, 37],
									"uv_size": [13, 1]
								},
								"up": {
									"uv": [0, 0],
									"uv_size": [9, 13]
								},
								"down": {
									"uv": [9, 13],
									"uv_size": [9, -13]
								}
							}
						},
						{
							"origin": [-3, 14.47262, 1.88588],
							"size": [7, 1, 1],
							"uv": {
								"north": {
									"uv": [55, 53],
									"uv_size": [7, 1]
								},
								"east": {
									"uv": [35, 46],
									"uv_size": [1, 1]
								},
								"south": {
									"uv": [55, 54],
									"uv_size": [7, 1]
								},
								"west": {
									"uv": [16, 59],
									"uv_size": [1, 1]
								},
								"up": {
									"uv": [55, 55],
									"uv_size": [7, 1]
								},
								"down": {
									"uv": [55, 57],
									"uv_size": [7, -1]
								}
							}
						},
						{
							"origin": [-3, 14.47262, -11.91412],
							"size": [7, 1, 1],
							"uv": {
								"north": {
									"uv": [50, 57],
									"uv_size": [7, 1]
								},
								"east": {
									"uv": [45, 60],
									"uv_size": [1, 1]
								},
								"south": {
									"uv": [57, 57],
									"uv_size": [7, 1]
								},
								"west": {
									"uv": [46, 69],
									"uv_size": [1, 1]
								},
								"up": {
									"uv": [58, 25],
									"uv_size": [7, 1]
								},
								"down": {
									"uv": [35, 59],
									"uv_size": [7, -1]
								}
							}
						},
						{
							"origin": [5, 14.47262, -10.11412],
							"size": [1, 1, 11],
							"uv": {
								"north": {
									"uv": [69, 47],
									"uv_size": [1, 1]
								},
								"east": {
									"uv": [48, 5],
									"uv_size": [11, 1]
								},
								"south": {
									"uv": [69, 48],
									"uv_size": [1, 1]
								},
								"west": {
									"uv": [48, 31],
									"uv_size": [11, 1]
								},
								"up": {
									"uv": [44, 47],
									"uv_size": [1, 11]
								},
								"down": {
									"uv": [6, 59],
									"uv_size": [1, -11]
								}
							}
						},
						{
							"origin": [-4, 14.47262, -11.11412],
							"size": [9, 1, 13],
							"uv": {
								"north": {
									"uv": [51, 30],
									"uv_size": [9, 1]
								},
								"east": {
									"uv": [46, 38],
									"uv_size": [13, 1]
								},
								"south": {
									"uv": [51, 32],
									"uv_size": [9, 1]
								},
								"west": {
									"uv": [46, 39],
									"uv_size": [13, 1]
								},
								"up": {
									"uv": [0, 13],
									"uv_size": [9, 13]
								},
								"down": {
									"uv": [9, 26],
									"uv_size": [9, -13]
								}
							}
						},
						{
							"origin": [-3, 13.47262, 1.88588],
							"size": [7, 1, 1],
							"uv": {
								"north": {
									"uv": [50, 58],
									"uv_size": [7, 1]
								},
								"east": {
									"uv": [55, 69],
									"uv_size": [1, 1]
								},
								"south": {
									"uv": [57, 58],
									"uv_size": [7, 1]
								},
								"west": {
									"uv": [69, 55],
									"uv_size": [1, 1]
								},
								"up": {
									"uv": [3, 59],
									"uv_size": [7, 1]
								},
								"down": {
									"uv": [59, 4],
									"uv_size": [7, -1]
								}
							}
						},
						{
							"origin": [-3, 13.47262, -11.91412],
							"size": [7, 1, 1],
							"uv": {
								"north": {
									"uv": [59, 4],
									"uv_size": [7, 1]
								},
								"east": {
									"uv": [56, 69],
									"uv_size": [1, 1]
								},
								"south": {
									"uv": [59, 5],
									"uv_size": [7, 1]
								},
								"west": {
									"uv": [69, 56],
									"uv_size": [1, 1]
								},
								"up": {
									"uv": [25, 59],
									"uv_size": [7, 1]
								},
								"down": {
									"uv": [59, 27],
									"uv_size": [7, -1]
								}
							}
						},
						{
							"origin": [5, 13.47262, -10.11412],
							"size": [1, 1, 11],
							"uv": {
								"north": {
									"uv": [57, 69],
									"uv_size": [1, 1]
								},
								"east": {
									"uv": [48, 47],
									"uv_size": [11, 1]
								},
								"south": {
									"uv": [69, 57],
									"uv_size": [1, 1]
								},
								"west": {
									"uv": [48, 48],
									"uv_size": [11, 1]
								},
								"up": {
									"uv": [33, 48],
									"uv_size": [1, 11]
								},
								"down": {
									"uv": [34, 59],
									"uv_size": [1, -11]
								}
							}
						},
						{
							"origin": [5, 12.47262, -9.11412],
							"size": [1, 1, 9],
							"uv": {
								"north": {
									"uv": [58, 69],
									"uv_size": [1, 1]
								},
								"east": {
									"uv": [51, 33],
									"uv_size": [9, 1]
								},
								"south": {
									"uv": [69, 58],
									"uv_size": [1, 1]
								},
								"west": {
									"uv": [51, 34],
									"uv_size": [9, 1]
								},
								"up": {
									"uv": [2, 51],
									"uv_size": [1, 9]
								},
								"down": {
									"uv": [10, 60],
									"uv_size": [1, -9]
								}
							}
						},
						{
							"origin": [-5, 13.47262, -10.11412],
							"size": [1, 1, 11],
							"uv": {
								"north": {
									"uv": [58, 69],
									"uv_size": [-1, 1]
								},
								"east": {
									"uv": [59, 48],
									"uv_size": [-11, 1]
								},
								"south": {
									"uv": [70, 57],
									"uv_size": [-1, 1]
								},
								"west": {
									"uv": [59, 47],
									"uv_size": [-11, 1]
								},
								"up": {
									"uv": [34, 48],
									"uv_size": [-1, 11]
								},
								"down": {
									"uv": [35, 59],
									"uv_size": [-1, -11]
								}
							}
						},
						{
							"origin": [-5, 14.47262, -10.11412],
							"size": [1, 1, 11],
							"uv": {
								"north": {
									"uv": [70, 47],
									"uv_size": [-1, 1]
								},
								"east": {
									"uv": [59, 31],
									"uv_size": [-11, 1]
								},
								"south": {
									"uv": [70, 48],
									"uv_size": [-1, 1]
								},
								"west": {
									"uv": [59, 5],
									"uv_size": [-11, 1]
								},
								"up": {
									"uv": [45, 47],
									"uv_size": [-1, 11]
								},
								"down": {
									"uv": [7, 59],
									"uv_size": [-1, -11]
								}
							}
						},
						{
							"origin": [-5, 15.47262, -10.11412],
							"size": [1, 1, 11],
							"uv": {
								"north": {
									"uv": [5, 70],
									"uv_size": [-1, 1]
								},
								"east": {
									"uv": [60, 24],
									"uv_size": [-11, 1]
								},
								"south": {
									"uv": [71, 4],
									"uv_size": [-1, 1]
								},
								"west": {
									"uv": [60, 23],
									"uv_size": [-11, 1]
								},
								"up": {
									"uv": [15, 50],
									"uv_size": [-1, 11]
								},
								"down": {
									"uv": [16, 61],
									"uv_size": [-1, -11]
								}
							}
						},
						{
							"origin": [-5, 12.47262, -9.11412],
							"size": [1, 1, 9],
							"uv": {
								"north": {
									"uv": [59, 69],
									"uv_size": [-1, 1]
								},
								"east": {
									"uv": [60, 34],
									"uv_size": [-9, 1]
								},
								"south": {
									"uv": [70, 58],
									"uv_size": [-1, 1]
								},
								"west": {
									"uv": [60, 33],
									"uv_size": [-9, 1]
								},
								"up": {
									"uv": [3, 51],
									"uv_size": [-1, 9]
								},
								"down": {
									"uv": [11, 60],
									"uv_size": [-1, -9]
								}
							}
						},
						{
							"origin": [-3, 12.47262, -11.11412],
							"size": [7, 1, 1],
							"uv": {
								"north": {
									"uv": [59, 31],
									"uv_size": [7, 1]
								},
								"east": {
									"uv": [59, 69],
									"uv_size": [1, 1]
								},
								"south": {
									"uv": [32, 59],
									"uv_size": [7, 1]
								},
								"west": {
									"uv": [69, 59],
									"uv_size": [1, 1]
								},
								"up": {
									"uv": [59, 37],
									"uv_size": [7, 1]
								},
								"down": {
									"uv": [59, 39],
									"uv_size": [7, -1]
								}
							}
						},
						{
							"origin": [-3, 12.47262, 0.88588],
							"size": [7, 1, 1],
							"uv": {
								"north": {
									"uv": [39, 59],
									"uv_size": [7, 1]
								},
								"east": {
									"uv": [60, 69],
									"uv_size": [1, 1]
								},
								"south": {
									"uv": [59, 39],
									"uv_size": [7, 1]
								},
								"west": {
									"uv": [69, 60],
									"uv_size": [1, 1]
								},
								"up": {
									"uv": [59, 40],
									"uv_size": [7, 1]
								},
								"down": {
									"uv": [59, 42],
									"uv_size": [7, -1]
								}
							}
						},
						{
							"origin": [-4, 13.47262, -11.11412],
							"size": [9, 1, 13],
							"uv": {
								"north": {
									"uv": [51, 36],
									"uv_size": [9, 1]
								},
								"east": {
									"uv": [46, 40],
									"uv_size": [13, 1]
								},
								"south": {
									"uv": [35, 52],
									"uv_size": [9, 1]
								},
								"west": {
									"uv": [48, 0],
									"uv_size": [13, 1]
								},
								"up": {
									"uv": [18, 0],
									"uv_size": [9, 13]
								},
								"down": {
									"uv": [18, 26],
									"uv_size": [9, -13]
								}
							}
						},
						{
							"origin": [-4, 16.47262, -11.11412],
							"size": [9, 1, 13],
							"uv": {
								"north": {
									"uv": [52, 49],
									"uv_size": [9, 1]
								},
								"east": {
									"uv": [48, 1],
									"uv_size": [13, 1]
								},
								"south": {
									"uv": [52, 50],
									"uv_size": [9, 1]
								},
								"west": {
									"uv": [48, 2],
									"uv_size": [13, 1]
								},
								"up": {
									"uv": [0, 26],
									"uv_size": [9, 13]
								},
								"down": {
									"uv": [9, 39],
									"uv_size": [9, -13]
								}
							}
						},
						{
							"origin": [-3, 16.47262, -11.91412],
							"size": [7, 1, 1],
							"uv": {
								"north": {
									"uv": [59, 42],
									"uv_size": [7, 1]
								},
								"east": {
									"uv": [69, 63],
									"uv_size": [1, 1]
								},
								"south": {
									"uv": [59, 43],
									"uv_size": [7, 1]
								},
								"west": {
									"uv": [65, 69],
									"uv_size": [1, 1]
								},
								"up": {
									"uv": [59, 44],
									"uv_size": [7, 1]
								},
								"down": {
									"uv": [59, 46],
									"uv_size": [7, -1]
								}
							}
						},
						{
							"origin": [5, 16.47262, -10.11412],
							"size": [1, 1, 11],
							"uv": {
								"north": {
									"uv": [66, 69],
									"uv_size": [1, 1]
								},
								"east": {
									"uv": [49, 6],
									"uv_size": [11, 1]
								},
								"south": {
									"uv": [69, 66],
									"uv_size": [1, 1]
								},
								"west": {
									"uv": [49, 7],
									"uv_size": [11, 1]
								},
								"up": {
									"uv": [49, 8],
									"uv_size": [1, 11]
								},
								"down": {
									"uv": [48, 60],
									"uv_size": [1, -11]
								}
							}
						},
						{
							"origin": [-5, 16.47262, -10.11412],
							"size": [1, 1, 11],
							"uv": {
								"north": {
									"uv": [69, 67],
									"uv_size": [1, 1]
								},
								"east": {
									"uv": [49, 19],
									"uv_size": [11, 1]
								},
								"south": {
									"uv": [68, 69],
									"uv_size": [1, 1]
								},
								"west": {
									"uv": [49, 20],
									"uv_size": [11, 1]
								},
								"up": {
									"uv": [49, 49],
									"uv_size": [1, 11]
								},
								"down": {
									"uv": [50, 19],
									"uv_size": [1, -11]
								}
							}
						},
						{
							"origin": [-3, 16.47262, 1.88588],
							"size": [7, 1, 1],
							"uv": {
								"north": {
									"uv": [59, 46],
									"uv_size": [7, 1]
								},
								"east": {
									"uv": [69, 68],
									"uv_size": [1, 1]
								},
								"south": {
									"uv": [59, 47],
									"uv_size": [7, 1]
								},
								"west": {
									"uv": [69, 69],
									"uv_size": [1, 1]
								},
								"up": {
									"uv": [59, 48],
									"uv_size": [7, 1]
								},
								"down": {
									"uv": [50, 60],
									"uv_size": [7, -1]
								}
							}
						},
						{
							"origin": [-4, 17.47262, -10.11412],
							"size": [9, 1, 11],
							"uv": {
								"north": {
									"uv": [52, 51],
									"uv_size": [9, 1]
								},
								"east": {
									"uv": [49, 21],
									"uv_size": [11, 1]
								},
								"south": {
									"uv": [52, 52],
									"uv_size": [9, 1]
								},
								"west": {
									"uv": [49, 22],
									"uv_size": [11, 1]
								},
								"up": {
									"uv": [27, 11],
									"uv_size": [9, 11]
								},
								"down": {
									"uv": [27, 33],
									"uv_size": [9, -11]
								}
							}
						},
						{
							"origin": [-3, 18.47262, -9.11412],
							"size": [7, 1, 9],
							"uv": {
								"north": {
									"uv": [57, 59],
									"uv_size": [7, 1]
								},
								"east": {
									"uv": [53, 8],
									"uv_size": [9, 1]
								},
								"south": {
									"uv": [0, 60],
									"uv_size": [7, 1]
								},
								"west": {
									"uv": [53, 9],
									"uv_size": [9, 1]
								},
								"up": {
									"uv": [36, 9],
									"uv_size": [7, 9]
								},
								"down": {
									"uv": [36, 27],
									"uv_size": [7, -9]
								}
							}
						},
						{
							"origin": [4, 18.47262, -8.11412],
							"size": [1, 1, 7],
							"uv": {
								"north": {
									"uv": [70, 0],
									"uv_size": [1, 1]
								},
								"east": {
									"uv": [60, 6],
									"uv_size": [7, 1]
								},
								"south": {
									"uv": [70, 1],
									"uv_size": [1, 1]
								},
								"west": {
									"uv": [7, 60],
									"uv_size": [7, 1]
								},
								"up": {
									"uv": [17, 53],
									"uv_size": [1, 7]
								},
								"down": {
									"uv": [18, 60],
									"uv_size": [1, -7]
								}
							}
						},
						{
							"origin": [5, 17.47262, -9.11412],
							"size": [1, 1, 9],
							"uv": {
								"north": {
									"uv": [70, 2],
									"uv_size": [1, 1]
								},
								"east": {
									"uv": [53, 10],
									"uv_size": [9, 1]
								},
								"south": {
									"uv": [70, 3],
									"uv_size": [1, 1]
								},
								"west": {
									"uv": [53, 11],
									"uv_size": [9, 1]
								},
								"up": {
									"uv": [13, 51],
									"uv_size": [1, 9]
								},
								"down": {
									"uv": [22, 60],
									"uv_size": [1, -9]
								}
							}
						},
						{
							"origin": [5, 15.47262, -10.11412],
							"size": [1, 1, 11],
							"uv": {
								"north": {
									"uv": [4, 70],
									"uv_size": [1, 1]
								},
								"east": {
									"uv": [49, 23],
									"uv_size": [11, 1]
								},
								"south": {
									"uv": [70, 4],
									"uv_size": [1, 1]
								},
								"west": {
									"uv": [49, 24],
									"uv_size": [11, 1]
								},
								"up": {
									"uv": [14, 50],
									"uv_size": [1, 11]
								},
								"down": {
									"uv": [15, 61],
									"uv_size": [1, -11]
								}
							}
						},
						{
							"origin": [-3, 15.47262, -11.91412],
							"size": [7, 1, 1],
							"uv": {
								"north": {
									"uv": [60, 7],
									"uv_size": [7, 1]
								},
								"east": {
									"uv": [5, 70],
									"uv_size": [1, 1]
								},
								"south": {
									"uv": [60, 13],
									"uv_size": [7, 1]
								},
								"west": {
									"uv": [6, 70],
									"uv_size": [1, 1]
								},
								"up": {
									"uv": [60, 14],
									"uv_size": [7, 1]
								},
								"down": {
									"uv": [60, 16],
									"uv_size": [7, -1]
								}
							}
						},
						{
							"origin": [-3, 15.47262, 1.88588],
							"size": [7, 1, 1],
							"uv": {
								"north": {
									"uv": [16, 60],
									"uv_size": [7, 1]
								},
								"east": {
									"uv": [70, 6],
									"uv_size": [1, 1]
								},
								"south": {
									"uv": [60, 16],
									"uv_size": [7, 1]
								},
								"west": {
									"uv": [70, 7],
									"uv_size": [1, 1]
								},
								"up": {
									"uv": [60, 17],
									"uv_size": [7, 1]
								},
								"down": {
									"uv": [60, 19],
									"uv_size": [7, -1]
								}
							}
						},
						{
							"origin": [-3, 17.47262, -11.11412],
							"size": [7, 1, 1],
							"uv": {
								"north": {
									"uv": [60, 19],
									"uv_size": [7, 1]
								},
								"east": {
									"uv": [70, 8],
									"uv_size": [1, 1]
								},
								"south": {
									"uv": [60, 20],
									"uv_size": [7, 1]
								},
								"west": {
									"uv": [70, 9],
									"uv_size": [1, 1]
								},
								"up": {
									"uv": [60, 21],
									"uv_size": [7, 1]
								},
								"down": {
									"uv": [60, 23],
									"uv_size": [7, -1]
								}
							}
						},
						{
							"origin": [-3, 17.47262, 0.88588],
							"size": [7, 1, 1],
							"uv": {
								"north": {
									"uv": [23, 60],
									"uv_size": [7, 1]
								},
								"east": {
									"uv": [70, 10],
									"uv_size": [1, 1]
								},
								"south": {
									"uv": [60, 23],
									"uv_size": [7, 1]
								},
								"west": {
									"uv": [70, 11],
									"uv_size": [1, 1]
								},
								"up": {
									"uv": [60, 24],
									"uv_size": [7, 1]
								},
								"down": {
									"uv": [60, 28],
									"uv_size": [7, -1]
								}
							}
						},
						{
							"origin": [-5, 17.47262, -9.11412],
							"size": [1, 1, 9],
							"uv": {
								"north": {
									"uv": [70, 12],
									"uv_size": [1, 1]
								},
								"east": {
									"uv": [53, 12],
									"uv_size": [9, 1]
								},
								"south": {
									"uv": [13, 70],
									"uv_size": [1, 1]
								},
								"west": {
									"uv": [35, 53],
									"uv_size": [9, 1]
								},
								"up": {
									"uv": [23, 51],
									"uv_size": [1, 9]
								},
								"down": {
									"uv": [24, 60],
									"uv_size": [1, -9]
								}
							}
						},
						{
							"origin": [-2, 18.47262, -10.11412],
							"size": [5, 1, 1],
							"uv": {
								"north": {
									"uv": [40, 62],
									"uv_size": [5, 1]
								},
								"east": {
									"uv": [70, 13],
									"uv_size": [1, 1]
								},
								"south": {
									"uv": [45, 62],
									"uv_size": [5, 1]
								},
								"west": {
									"uv": [14, 70],
									"uv_size": [1, 1]
								},
								"up": {
									"uv": [53, 62],
									"uv_size": [5, 1]
								},
								"down": {
									"uv": [62, 54],
									"uv_size": [5, -1]
								}
							}
						},
						{
							"origin": [-2, 18.47262, -0.11412],
							"size": [5, 1, 1],
							"uv": {
								"north": {
									"uv": [62, 54],
									"uv_size": [5, 1]
								},
								"east": {
									"uv": [70, 14],
									"uv_size": [1, 1]
								},
								"south": {
									"uv": [62, 55],
									"uv_size": [5, 1]
								},
								"west": {
									"uv": [15, 70],
									"uv_size": [1, 1]
								},
								"up": {
									"uv": [62, 56],
									"uv_size": [5, 1]
								},
								"down": {
									"uv": [58, 63],
									"uv_size": [5, -1]
								}
							}
						},
						{
							"origin": [-4, 18.47262, -8.11412],
							"size": [1, 1, 7],
							"uv": {
								"north": {
									"uv": [70, 15],
									"uv_size": [1, 1]
								},
								"east": {
									"uv": [60, 28],
									"uv_size": [7, 1]
								},
								"south": {
									"uv": [16, 70],
									"uv_size": [1, 1]
								},
								"west": {
									"uv": [60, 29],
									"uv_size": [7, 1]
								},
								"up": {
									"uv": [46, 54],
									"uv_size": [1, 7]
								},
								"down": {
									"uv": [47, 61],
									"uv_size": [1, -7]
								}
							}
						},
						{
							"origin": [-2, 19.47262, -8.11412],
							"size": [5, 0.6, 7],
							"uv": {
								"north": {
									"uv": [67, 24],
									"uv_size": [5, 0.5]
								},
								"east": {
									"uv": [65, 25],
									"uv_size": [7, 0.5]
								},
								"south": {
									"uv": [67, 27],
									"uv_size": [5, 0.5]
								},
								"west": {
									"uv": [48, 65],
									"uv_size": [7, 0.5]
								},
								"up": {
									"uv": [18, 37],
									"uv_size": [5, 7]
								},
								"down": {
									"uv": [0, 46],
									"uv_size": [5, -7]
								}
							}
						}
					]
				},
				{
					"name": "zhuang",
					"parent": "head",
					"pivot": [0, 0.47262, 0.88588],
					"cubes": [
						{
							"origin": [-1, 17.47262, -11.91412],
							"size": [3, 2, 1],
							"uv": {
								"north": {
									"uv": [41, 54],
									"uv_size": [3, 2]
								},
								"east": {
									"uv": [22, 44],
									"uv_size": [1, 2]
								},
								"south": {
									"uv": [3, 55],
									"uv_size": [3, 2]
								},
								"west": {
									"uv": [25, 46],
									"uv_size": [1, 2]
								},
								"up": {
									"uv": [25, 58],
									"uv_size": [3, 1]
								},
								"down": {
									"uv": [19, 60],
									"uv_size": [3, -1]
								}
							}
						},
						{
							"origin": [-1, 18.47262, -11.11412],
							"size": [3, 1, 1],
							"uv": {
								"north": {
									"uv": [22, 62],
									"uv_size": [3, 1]
								},
								"east": {
									"uv": [70, 16],
									"uv_size": [1, 1]
								},
								"south": {
									"uv": [66, 5],
									"uv_size": [3, 1]
								},
								"west": {
									"uv": [17, 70],
									"uv_size": [1, 1]
								},
								"up": {
									"uv": [66, 8],
									"uv_size": [3, 1]
								},
								"down": {
									"uv": [66, 10],
									"uv_size": [3, -1]
								}
							}
						},
						{
							"origin": [-0.5, 19.47262, -11.71412],
							"size": [2, 1, 2],
							"uv": {
								"north": {
									"uv": [28, 61],
									"uv_size": [2, 1]
								},
								"east": {
									"uv": [53, 61],
									"uv_size": [2, 1]
								},
								"south": {
									"uv": [67, 36],
									"uv_size": [2, 1]
								},
								"west": {
									"uv": [43, 67],
									"uv_size": [2, 1]
								},
								"up": {
									"uv": [3, 46],
									"uv_size": [2, 2]
								},
								"down": {
									"uv": [18, 66],
									"uv_size": [2, -2]
								}
							}
						},
						{
							"origin": [0, 20.47262, -11.21412],
							"size": [1, 0.5, 1],
							"uv": {
								"north": {
									"uv": [26, 71],
									"uv_size": [1, 0.5]
								},
								"east": {
									"uv": [71, 26],
									"uv_size": [1, 0.5]
								},
								"south": {
									"uv": [27, 71],
									"uv_size": [1, 0.5]
								},
								"west": {
									"uv": [28, 71],
									"uv_size": [1, 0.5]
								},
								"up": {
									"uv": [70, 17],
									"uv_size": [1, 1]
								},
								"down": {
									"uv": [18, 71],
									"uv_size": [1, -1]
								}
							}
						},
						{
							"origin": [0.4, 21.07262, -11.01412],
							"size": [0.25, 0.25, 0.25],
							"uv": {
								"north": {
									"uv": [71, 36],
									"uv_size": [0.25, 0.25]
								},
								"east": {
									"uv": [37, 71],
									"uv_size": [0.25, 0.25]
								},
								"south": {
									"uv": [71, 37],
									"uv_size": [0.25, 0.25]
								},
								"west": {
									"uv": [38, 71],
									"uv_size": [0.25, 0.25]
								},
								"up": {
									"uv": [71, 38],
									"uv_size": [0.25, 0.25]
								},
								"down": {
									"uv": [39, 71.25],
									"uv_size": [0.25, -0.25]
								}
							}
						},
						{
							"origin": [-1, 18.47262, 0.88588],
							"size": [3, 2, 1],
							"uv": {
								"north": {
									"uv": [25, 56],
									"uv_size": [3, 2]
								},
								"east": {
									"uv": [31, 67],
									"uv_size": [1, 2]
								},
								"south": {
									"uv": [41, 56],
									"uv_size": [3, 2]
								},
								"west": {
									"uv": [38, 67],
									"uv_size": [1, 2]
								},
								"up": {
									"uv": [66, 10],
									"uv_size": [3, 1]
								},
								"down": {
									"uv": [66, 12],
									"uv_size": [3, -1]
								}
							}
						},
						{
							"origin": [-1, 17.47262, 1.88588],
							"size": [3, 3, 1],
							"uv": {
								"north": {
									"uv": [45, 51],
									"uv_size": [3, 3]
								},
								"east": {
									"uv": [45, 6],
									"uv_size": [1, 3]
								},
								"south": {
									"uv": [3, 52],
									"uv_size": [3, 3]
								},
								"west": {
									"uv": [61, 65],
									"uv_size": [1, 3]
								},
								"up": {
									"uv": [18, 66],
									"uv_size": [3, 1]
								},
								"down": {
									"uv": [21, 67],
									"uv_size": [3, -1]
								}
							}
						},
						{
							"origin": [-0.8, 17.67262, 2.88588],
							"size": [2.5, 3.5, 1],
							"uv": {
								"north": {
									"uv": [25, 52],
									"uv_size": [2.5, 3.5]
								},
								"east": {
									"uv": [55, 65],
									"uv_size": [1, 3.5]
								},
								"south": {
									"uv": [52, 53],
									"uv_size": [2.5, 3.5]
								},
								"west": {
									"uv": [58, 65],
									"uv_size": [1, 3.5]
								},
								"up": {
									"uv": [24, 67],
									"uv_size": [2.5, 1]
								},
								"down": {
									"uv": [28, 68],
									"uv_size": [2.5, -1]
								}
							}
						},
						{
							"origin": [-0.5, 18.87262, 3.88588],
							"size": [1.8, 2.8, 1],
							"uv": {
								"north": {
									"uv": [50, 54],
									"uv_size": [1.75, 2.75]
								},
								"east": {
									"uv": [53, 66],
									"uv_size": [1, 2.75]
								},
								"south": {
									"uv": [8, 56],
									"uv_size": [1.75, 2.75]
								},
								"west": {
									"uv": [54, 66],
									"uv_size": [1, 2.75]
								},
								"up": {
									"uv": [69, 34],
									"uv_size": [1.75, 1]
								},
								"down": {
									"uv": [69, 36],
									"uv_size": [1.75, -1]
								}
							}
						},
						{
							"origin": [0, 20.47262, 4.88588],
							"size": [1, 2, 0.5],
							"uv": {
								"north": {
									"uv": [45, 67],
									"uv_size": [1, 2]
								},
								"east": {
									"uv": [70, 18],
									"uv_size": [0.5, 2]
								},
								"south": {
									"uv": [46, 67],
									"uv_size": [1, 2]
								},
								"west": {
									"uv": [19, 70],
									"uv_size": [0.5, 2]
								},
								"up": {
									"uv": [71, 28],
									"uv_size": [1, 0.5]
								},
								"down": {
									"uv": [29, 71.5],
									"uv_size": [1, -0.5]
								}
							}
						},
						{
							"origin": [5, 11.47262, -2.11412],
							"size": [1, 1, 2],
							"uv": {
								"north": {
									"uv": [20, 70],
									"uv_size": [1, 1]
								},
								"east": {
									"uv": [47, 67],
									"uv_size": [2, 1]
								},
								"south": {
									"uv": [70, 20],
									"uv_size": [1, 1]
								},
								"west": {
									"uv": [49, 67],
									"uv_size": [2, 1]
								},
								"up": {
									"uv": [67, 49],
									"uv_size": [1, 2]
								},
								"down": {
									"uv": [51, 69],
									"uv_size": [1, -2]
								}
							}
						},
						{
							"origin": [-5, 11.47262, -2.11412],
							"size": [1, 1, 2],
							"uv": {
								"north": {
									"uv": [70, 21],
									"uv_size": [1, 1]
								},
								"east": {
									"uv": [67, 51],
									"uv_size": [2, 1]
								},
								"south": {
									"uv": [22, 70],
									"uv_size": [1, 1]
								},
								"west": {
									"uv": [67, 52],
									"uv_size": [2, 1]
								},
								"up": {
									"uv": [52, 67],
									"uv_size": [1, 2]
								},
								"down": {
									"uv": [67, 55],
									"uv_size": [1, -2]
								}
							}
						},
						{
							"origin": [3.9, 10.47262, -2.11412],
							"size": [3.5, 1, 2],
							"uv": {
								"north": {
									"uv": [64, 65],
									"uv_size": [3.5, 1]
								},
								"east": {
									"uv": [67, 55],
									"uv_size": [2, 1]
								},
								"south": {
									"uv": [3, 66],
									"uv_size": [3.5, 1]
								},
								"west": {
									"uv": [67, 56],
									"uv_size": [2, 1]
								},
								"up": {
									"uv": [30, 60],
									"uv_size": [3.5, 2]
								},
								"down": {
									"uv": [60, 34],
									"uv_size": [3.5, -2]
								}
							}
						},
						{
							"origin": [5, 9.47262, -2.11412],
							"size": [2, 1, 2],
							"uv": {
								"north": {
									"uv": [64, 67],
									"uv_size": [2, 1]
								},
								"east": {
									"uv": [66, 67],
									"uv_size": [2, 1]
								},
								"south": {
									"uv": [67, 66],
									"uv_size": [2, 1]
								},
								"west": {
									"uv": [2, 68],
									"uv_size": [2, 1]
								},
								"up": {
									"uv": [20, 64],
									"uv_size": [2, 2]
								},
								"down": {
									"uv": [22, 66],
									"uv_size": [2, -2]
								}
							}
						},
						{
							"origin": [-6, 9.47262, -2.11412],
							"size": [2, 1, 2],
							"uv": {
								"north": {
									"uv": [12, 68],
									"uv_size": [2, 1]
								},
								"east": {
									"uv": [68, 12],
									"uv_size": [2, 1]
								},
								"south": {
									"uv": [14, 68],
									"uv_size": [2, 1]
								},
								"west": {
									"uv": [16, 68],
									"uv_size": [2, 1]
								},
								"up": {
									"uv": [24, 64],
									"uv_size": [2, 2]
								},
								"down": {
									"uv": [26, 66],
									"uv_size": [2, -2]
								}
							}
						},
						{
							"origin": [-6.4, 10.47262, -2.11412],
							"size": [3.5, 1, 2],
							"uv": {
								"north": {
									"uv": [66, 3],
									"uv_size": [3.5, 1]
								},
								"east": {
									"uv": [18, 68],
									"uv_size": [2, 1]
								},
								"south": {
									"uv": [66, 4],
									"uv_size": [3.5, 1]
								},
								"west": {
									"uv": [20, 68],
									"uv_size": [2, 1]
								},
								"up": {
									"uv": [34, 60],
									"uv_size": [3.5, 2]
								},
								"down": {
									"uv": [60, 36],
									"uv_size": [3.5, -2]
								}
							}
						},
						{
							"origin": [-0.5, 11.47262, -0.11412],
							"size": [2, 1, 4],
							"uv": {
								"north": {
									"uv": [70, 22],
									"uv_size": [1, 1]
								},
								"east": {
									"uv": [42, 58],
									"uv_size": [4, 1]
								},
								"south": {
									"uv": [23, 70],
									"uv_size": [1, 1]
								},
								"west": {
									"uv": [28, 64],
									"uv_size": [4, 1]
								},
								"up": {
									"uv": [35, 42],
									"uv_size": [1, 4]
								},
								"down": {
									"uv": [45, 36],
									"uv_size": [1, -4]
								}
							}
						},
						{
							"origin": [-1, 12.47262, 1.88588],
							"size": [3, 1, 3],
							"uv": {
								"north": {
									"uv": [70, 23],
									"uv_size": [1, 1]
								},
								"east": {
									"uv": [24, 66],
									"uv_size": [3, 1]
								},
								"south": {
									"uv": [24, 70],
									"uv_size": [1, 1]
								},
								"west": {
									"uv": [66, 26],
									"uv_size": [3, 1]
								},
								"up": {
									"uv": [0, 66],
									"uv_size": [1, 3]
								},
								"down": {
									"uv": [1, 69],
									"uv_size": [1, -3]
								}
							}
						},
						{
							"origin": [6, 16.47262, -3.11412],
							"size": [1, 2, 3],
							"uv": {
								"north": {
									"uv": [4, 68],
									"uv_size": [1, 2]
								},
								"east": {
									"uv": [3, 57],
									"uv_size": [3, 2]
								},
								"south": {
									"uv": [22, 68],
									"uv_size": [1, 2]
								},
								"west": {
									"uv": [55, 60],
									"uv_size": [3, 2]
								},
								"up": {
									"uv": [27, 66],
									"uv_size": [1, 3]
								},
								"down": {
									"uv": [66, 34],
									"uv_size": [1, -3]
								}
							}
						},
						{
							"origin": [-6, 13.47262, -0.11412],
							"size": [1, 2, 2],
							"uv": {
								"north": {
									"uv": [23, 68],
									"uv_size": [1, 2]
								},
								"east": {
									"uv": [32, 64],
									"uv_size": [2, 2]
								},
								"south": {
									"uv": [24, 68],
									"uv_size": [1, 2]
								},
								"west": {
									"uv": [64, 32],
									"uv_size": [2, 2]
								},
								"up": {
									"uv": [25, 68],
									"uv_size": [1, 2]
								},
								"down": {
									"uv": [26, 70],
									"uv_size": [1, -2]
								}
							}
						},
						{
							"origin": [-6, 18.47262, -3.11412],
							"size": [1, 1, 1],
							"uv": {
								"north": {
									"uv": [25, 70],
									"uv_size": [1, 1]
								},
								"east": {
									"uv": [26, 70],
									"uv_size": [1, 1]
								},
								"south": {
									"uv": [28, 70],
									"uv_size": [1, 1]
								},
								"west": {
									"uv": [70, 28],
									"uv_size": [1, 1]
								},
								"up": {
									"uv": [29, 70],
									"uv_size": [1, 1]
								},
								"down": {
									"uv": [70, 30],
									"uv_size": [1, -1]
								}
							}
						},
						{
							"origin": [-7, 17.67262, -3.61412],
							"size": [1, 2, 2],
							"uv": {
								"north": {
									"uv": [3, 72.5],
									"uv_size": [1, 2]
								},
								"east": {
									"uv": [0, 72.5],
									"uv_size": [2, 2]
								},
								"south": {
									"uv": [2, 72.5],
									"uv_size": [1, 2]
								},
								"west": {
									"uv": [64, 34],
									"uv_size": [2, 2]
								},
								"up": {
									"uv": [4, 72.5],
									"uv_size": [1, 2]
								},
								"down": {
									"uv": [5, 74.5],
									"uv_size": [1, -2]
								}
							}
						},
						{
							"origin": [-6, 16.47262, -3.11412],
							"size": [1, 2, 3],
							"uv": {
								"north": {
									"uv": [68, 34],
									"uv_size": [1, 2]
								},
								"east": {
									"uv": [58, 60],
									"uv_size": [3, 2]
								},
								"south": {
									"uv": [35, 68],
									"uv_size": [1, 2]
								},
								"west": {
									"uv": [0, 61],
									"uv_size": [3, 2]
								},
								"up": {
									"uv": [32, 66],
									"uv_size": [1, 3]
								},
								"down": {
									"uv": [33, 69],
									"uv_size": [1, -3]
								}
							}
						},
						{
							"origin": [7, 17.67262, -3.61412],
							"size": [1, 2, 2],
							"uv": {
								"north": {
									"uv": [68, 38],
									"uv_size": [1, 2]
								},
								"east": {
									"uv": [36, 64],
									"uv_size": [2, 2]
								},
								"south": {
									"uv": [39, 68],
									"uv_size": [1, 2]
								},
								"west": {
									"uv": [38, 64],
									"uv_size": [2, 2]
								},
								"up": {
									"uv": [40, 68],
									"uv_size": [1, 2]
								},
								"down": {
									"uv": [43, 70],
									"uv_size": [1, -2]
								}
							}
						},
						{
							"origin": [6, 18.47262, -3.11412],
							"size": [1, 1, 1],
							"uv": {
								"north": {
									"uv": [30, 70],
									"uv_size": [1, 1]
								},
								"east": {
									"uv": [70, 30],
									"uv_size": [1, 1]
								},
								"south": {
									"uv": [31, 70],
									"uv_size": [1, 1]
								},
								"west": {
									"uv": [70, 31],
									"uv_size": [1, 1]
								},
								"up": {
									"uv": [32, 70],
									"uv_size": [1, 1]
								},
								"down": {
									"uv": [70, 33],
									"uv_size": [1, -1]
								}
							}
						},
						{
							"origin": [-1, 13.47262, 2.88588],
							"size": [3, 1, 1],
							"uv": {
								"north": {
									"uv": [70, 33],
									"uv_size": [1, 1]
								},
								"east": {
									"uv": [34, 70],
									"uv_size": [1, 1]
								},
								"south": {
									"uv": [35, 70],
									"uv_size": [1, 1]
								},
								"west": {
									"uv": [37, 70],
									"uv_size": [1, 1]
								},
								"up": {
									"uv": [38, 70],
									"uv_size": [1, 1]
								},
								"down": {
									"uv": [39, 71],
									"uv_size": [1, -1]
								}
							}
						},
						{
							"origin": [6, 13.47262, -0.11412],
							"size": [1, 2, 2],
							"uv": {
								"north": {
									"uv": [44, 68],
									"uv_size": [1, 2]
								},
								"east": {
									"uv": [40, 64],
									"uv_size": [2, 2]
								},
								"south": {
									"uv": [47, 68],
									"uv_size": [1, 2]
								},
								"west": {
									"uv": [42, 64],
									"uv_size": [2, 2]
								},
								"up": {
									"uv": [48, 68],
									"uv_size": [1, 2]
								},
								"down": {
									"uv": [49, 70],
									"uv_size": [1, -2]
								}
							}
						}
					]
				},
				{
					"name": "month",
					"parent": "head",
					"pivot": [0, 12.17262, 0.28588],
					"rotation": [5, 0, 0],
					"cubes": [
						{
							"origin": [-3, 11.17262, -6.71412],
							"size": [7, 1, 6],
							"uv": {
								"north": {
									"uv": [60, 30],
									"uv_size": [7, 1]
								},
								"east": {
									"uv": [60, 36],
									"uv_size": [7, 1]
								},
								"south": {
									"uv": [38, 60],
									"uv_size": [7, 1]
								},
								"west": {
									"uv": [48, 60],
									"uv_size": [7, 1]
								},
								"up": {
									"uv": [36, 27],
									"uv_size": [7, 7]
								},
								"down": {
									"uv": [36, 41],
									"uv_size": [7, -7]
								}
							}
						},
						{
							"origin": [-2, 11.17262, -8.01412],
							"size": [5, 1, 1.3],
							"uv": {
								"north": {
									"uv": [49, 25],
									"uv_size": [9, 1]
								},
								"east": {
									"uv": [51, 13],
									"uv_size": [9, 1]
								},
								"south": {
									"uv": [51, 14],
									"uv_size": [9, 1]
								},
								"west": {
									"uv": [51, 15],
									"uv_size": [9, 1]
								},
								"up": {
									"uv": [27, 33],
									"uv_size": [9, 9]
								},
								"down": {
									"uv": [36, 9],
									"uv_size": [9, -9]
								}
							}
						}
					]
				},
				{
					"name": "arm",
					"parent": "total",
					"pivot": [0, 8, -2]
				},
				{
					"name": "leftarm",
					"parent": "arm",
					"pivot": [1, 9, -2],
					"cubes": [
						{
							"origin": [2, 8, -3],
							"size": [1, 1, 2],
							"uv": {
								"north": {
									"uv": [70, 39],
									"uv_size": [1, 1]
								},
								"east": {
									"uv": [68, 49],
									"uv_size": [2, 1]
								},
								"south": {
									"uv": [40, 70],
									"uv_size": [1, 1]
								},
								"west": {
									"uv": [68, 50],
									"uv_size": [2, 1]
								},
								"up": {
									"uv": [50, 68],
									"uv_size": [1, 2]
								},
								"down": {
									"uv": [68, 55],
									"uv_size": [1, -2]
								}
							}
						},
						{
							"origin": [3, 7, -3],
							"size": [1, 1.6, 2],
							"uv": {
								"north": {
									"uv": [33, 69],
									"uv_size": [1, 1.5]
								},
								"east": {
									"uv": [34, 66],
									"uv_size": [2, 1.5]
								},
								"south": {
									"uv": [36, 69],
									"uv_size": [1, 1.5]
								},
								"west": {
									"uv": [66, 34],
									"uv_size": [2, 1.5]
								},
								"up": {
									"uv": [68, 59],
									"uv_size": [1, 2]
								},
								"down": {
									"uv": [61, 70],
									"uv_size": [1, -2]
								}
							}
						},
						{
							"origin": [4, 6, -3],
							"size": [1, 2, 2],
							"uv": {
								"north": {
									"uv": [68, 61],
									"uv_size": [1, 2]
								},
								"east": {
									"uv": [44, 64],
									"uv_size": [2, 2]
								},
								"south": {
									"uv": [62, 68],
									"uv_size": [1, 2]
								},
								"west": {
									"uv": [46, 64],
									"uv_size": [2, 2]
								},
								"up": {
									"uv": [63, 68],
									"uv_size": [1, 2]
								},
								"down": {
									"uv": [64, 70],
									"uv_size": [1, -2]
								}
							}
						},
						{
							"origin": [5, 5, -3.6],
							"size": [1.5, 1, 3],
							"uv": {
								"north": {
									"uv": [69, 36],
									"uv_size": [1.5, 1]
								},
								"east": {
									"uv": [36, 66],
									"uv_size": [3, 1]
								},
								"south": {
									"uv": [37, 69],
									"uv_size": [1.5, 1]
								},
								"west": {
									"uv": [66, 37],
									"uv_size": [3, 1]
								},
								"up": {
									"uv": [0, 63],
									"uv_size": [1.5, 3]
								},
								"down": {
									"uv": [12, 67],
									"uv_size": [1.5, -3]
								}
							}
						},
						{
							"origin": [5.2, 4, -4.1],
							"size": [1.5, 1, 4],
							"uv": {
								"north": {
									"uv": [69, 37],
									"uv_size": [1.5, 1]
								},
								"east": {
									"uv": [48, 64],
									"uv_size": [4, 1]
								},
								"south": {
									"uv": [69, 38],
									"uv_size": [1.5, 1]
								},
								"west": {
									"uv": [52, 64],
									"uv_size": [4, 1]
								},
								"up": {
									"uv": [19, 55],
									"uv_size": [1.5, 4]
								},
								"down": {
									"uv": [0, 60],
									"uv_size": [1.5, -4]
								}
							}
						},
						{
							"origin": [5, 6, -3.3],
							"size": [1, 1, 2.5],
							"uv": {
								"north": {
									"uv": [70, 40],
									"uv_size": [1, 1]
								},
								"east": {
									"uv": [67, 28],
									"uv_size": [2.5, 1]
								},
								"south": {
									"uv": [43, 70],
									"uv_size": [1, 1]
								},
								"west": {
									"uv": [67, 29],
									"uv_size": [2.5, 1]
								},
								"up": {
									"uv": [56, 66],
									"uv_size": [1, 2.5]
								},
								"down": {
									"uv": [57, 68.5],
									"uv_size": [1, -2.5]
								}
							}
						},
						{
							"origin": [5.9, 3.2, -0.9],
							"size": [0.8, 0.8, 0.8],
							"uv": {
								"north": {
									"uv": [71, 8],
									"uv_size": [0.75, 0.75]
								},
								"east": {
									"uv": [9, 71],
									"uv_size": [0.75, 0.75]
								},
								"south": {
									"uv": [71, 9],
									"uv_size": [0.75, 0.75]
								},
								"west": {
									"uv": [10, 71],
									"uv_size": [0.75, 0.75]
								},
								"up": {
									"uv": [71, 10],
									"uv_size": [0.75, 0.75]
								},
								"down": {
									"uv": [11, 71.75],
									"uv_size": [0.75, -0.75]
								}
							}
						},
						{
							"origin": [5.9, 2.8, -2],
							"size": [0.8, 1.2, 0.8],
							"uv": {
								"north": {
									"uv": [67, 70],
									"uv_size": [0.75, 1.25]
								},
								"east": {
									"uv": [70, 67],
									"uv_size": [0.75, 1.25]
								},
								"south": {
									"uv": [68, 70],
									"uv_size": [0.75, 1.25]
								},
								"west": {
									"uv": [69, 70],
									"uv_size": [0.75, 1.25]
								},
								"up": {
									"uv": [71, 11],
									"uv_size": [0.75, 0.75]
								},
								"down": {
									"uv": [12, 71.75],
									"uv_size": [0.75, -0.75]
								}
							}
						},
						{
							"origin": [5.9, 2.8, -3.1],
							"size": [0.8, 1.2, 0.8],
							"uv": {
								"north": {
									"uv": [70, 69],
									"uv_size": [0.75, 1.25]
								},
								"east": {
									"uv": [0, 71],
									"uv_size": [0.75, 1.25]
								},
								"south": {
									"uv": [71, 0],
									"uv_size": [0.75, 1.25]
								},
								"west": {
									"uv": [1, 71],
									"uv_size": [0.75, 1.25]
								},
								"up": {
									"uv": [71, 12],
									"uv_size": [0.75, 0.75]
								},
								"down": {
									"uv": [13, 71.75],
									"uv_size": [0.75, -0.75]
								}
							}
						},
						{
							"origin": [5.9, 3.2, -4.1],
							"size": [0.8, 0.8, 0.8],
							"uv": {
								"north": {
									"uv": [71, 13],
									"uv_size": [0.75, 0.75]
								},
								"east": {
									"uv": [14, 71],
									"uv_size": [0.75, 0.75]
								},
								"south": {
									"uv": [71, 14],
									"uv_size": [0.75, 0.75]
								},
								"west": {
									"uv": [15, 71],
									"uv_size": [0.75, 0.75]
								},
								"up": {
									"uv": [71, 15],
									"uv_size": [0.75, 0.75]
								},
								"down": {
									"uv": [16, 71.75],
									"uv_size": [0.75, -0.75]
								}
							}
						},
						{
							"origin": [2.4, 8.6, -2.5],
							"size": [1, 1, 1],
							"uv": {
								"north": {
									"uv": [44, 70],
									"uv_size": [1, 1]
								},
								"east": {
									"uv": [46, 70],
									"uv_size": [1, 1]
								},
								"south": {
									"uv": [47, 70],
									"uv_size": [1, 1]
								},
								"west": {
									"uv": [70, 47],
									"uv_size": [1, 1]
								},
								"up": {
									"uv": [48, 70],
									"uv_size": [1, 1]
								},
								"down": {
									"uv": [70, 49],
									"uv_size": [1, -1]
								}
							}
						}
					]
				},
				{
					"name": "rightarm",
					"parent": "arm",
					"pivot": [0, 8.9, -2],
					"cubes": [
						{
							"origin": [-2, 7.9, -3],
							"size": [1, 1, 2],
							"uv": {
								"north": {
									"uv": [49, 70],
									"uv_size": [1, 1]
								},
								"east": {
									"uv": [68, 64],
									"uv_size": [2, 1]
								},
								"south": {
									"uv": [70, 49],
									"uv_size": [1, 1]
								},
								"west": {
									"uv": [65, 68],
									"uv_size": [2, 1]
								},
								"up": {
									"uv": [67, 68],
									"uv_size": [1, 2]
								},
								"down": {
									"uv": [68, 69],
									"uv_size": [1, -2]
								}
							}
						},
						{
							"origin": [-3, 6.9, -3],
							"size": [1, 1.6, 2],
							"uv": {
								"north": {
									"uv": [69, 39],
									"uv_size": [1, 1.5]
								},
								"east": {
									"uv": [66, 38],
									"uv_size": [2, 1.5]
								},
								"south": {
									"uv": [41, 69],
									"uv_size": [1, 1.5]
								},
								"west": {
									"uv": [39, 66],
									"uv_size": [2, 1.5]
								},
								"up": {
									"uv": [0, 69],
									"uv_size": [1, 2]
								},
								"down": {
									"uv": [1, 71],
									"uv_size": [1, -2]
								}
							}
						},
						{
							"origin": [-4, 5.9, -3],
							"size": [1, 2, 2],
							"uv": {
								"north": {
									"uv": [2, 69],
									"uv_size": [1, 2]
								},
								"east": {
									"uv": [56, 64],
									"uv_size": [2, 2]
								},
								"south": {
									"uv": [3, 69],
									"uv_size": [1, 2]
								},
								"west": {
									"uv": [64, 57],
									"uv_size": [2, 2]
								},
								"up": {
									"uv": [7, 69],
									"uv_size": [1, 2]
								},
								"down": {
									"uv": [8, 71],
									"uv_size": [1, -2]
								}
							}
						},
						{
							"origin": [-5.5, 4.9, -3.6],
							"size": [1.5, 1, 3],
							"uv": {
								"north": {
									"uv": [69, 41],
									"uv_size": [1.5, 1]
								},
								"east": {
									"uv": [66, 40],
									"uv_size": [3, 1]
								},
								"south": {
									"uv": [69, 42],
									"uv_size": [1.5, 1]
								},
								"west": {
									"uv": [41, 66],
									"uv_size": [3, 1]
								},
								"up": {
									"uv": [14, 64],
									"uv_size": [1.5, 3]
								},
								"down": {
									"uv": [16, 67],
									"uv_size": [1.5, -3]
								}
							}
						},
						{
							"origin": [-5.7, 3.9, -4.1],
							"size": [1.5, 1, 4],
							"uv": {
								"north": {
									"uv": [69, 43],
									"uv_size": [1.5, 1]
								},
								"east": {
									"uv": [58, 64],
									"uv_size": [4, 1]
								},
								"south": {
									"uv": [69, 44],
									"uv_size": [1.5, 1]
								},
								"west": {
									"uv": [64, 59],
									"uv_size": [4, 1]
								},
								"up": {
									"uv": [3, 61],
									"uv_size": [1.5, 4]
								},
								"down": {
									"uv": [5, 65],
									"uv_size": [1.5, -4]
								}
							}
						},
						{
							"origin": [-5, 5.9, -3.3],
							"size": [1, 1, 2.5],
							"uv": {
								"north": {
									"uv": [50, 70],
									"uv_size": [1, 1]
								},
								"east": {
									"uv": [67, 30],
									"uv_size": [2.5, 1]
								},
								"south": {
									"uv": [70, 50],
									"uv_size": [1, 1]
								},
								"west": {
									"uv": [67, 31],
									"uv_size": [2.5, 1]
								},
								"up": {
									"uv": [5, 67],
									"uv_size": [1, 2.5]
								},
								"down": {
									"uv": [6, 69.5],
									"uv_size": [1, -2.5]
								}
							}
						},
						{
							"origin": [-5.7, 3.1, -0.9],
							"size": [0.8, 0.8, 0.8],
							"uv": {
								"north": {
									"uv": [71, 16],
									"uv_size": [0.75, 0.75]
								},
								"east": {
									"uv": [17, 71],
									"uv_size": [0.75, 0.75]
								},
								"south": {
									"uv": [71, 17],
									"uv_size": [0.75, 0.75]
								},
								"west": {
									"uv": [18, 71],
									"uv_size": [0.75, 0.75]
								},
								"up": {
									"uv": [71, 18],
									"uv_size": [0.75, 0.75]
								},
								"down": {
									"uv": [71, 19.75],
									"uv_size": [0.75, -0.75]
								}
							}
						},
						{
							"origin": [-5.7, 2.7, -2],
							"size": [0.8, 1.2, 0.8],
							"uv": {
								"north": {
									"uv": [2, 71],
									"uv_size": [0.75, 1.25]
								},
								"east": {
									"uv": [71, 2],
									"uv_size": [0.75, 1.25]
								},
								"south": {
									"uv": [3, 71],
									"uv_size": [0.75, 1.25]
								},
								"west": {
									"uv": [4, 71],
									"uv_size": [0.75, 1.25]
								},
								"up": {
									"uv": [20, 71],
									"uv_size": [0.75, 0.75]
								},
								"down": {
									"uv": [71, 20.75],
									"uv_size": [0.75, -0.75]
								}
							}
						},
						{
							"origin": [-5.7, 2.7, -3.1],
							"size": [0.8, 1.2, 0.8],
							"uv": {
								"north": {
									"uv": [71, 4],
									"uv_size": [0.75, 1.25]
								},
								"east": {
									"uv": [5, 71],
									"uv_size": [0.75, 1.25]
								},
								"south": {
									"uv": [6, 71],
									"uv_size": [0.75, 1.25]
								},
								"west": {
									"uv": [71, 6],
									"uv_size": [0.75, 1.25]
								},
								"up": {
									"uv": [21, 71],
									"uv_size": [0.75, 0.75]
								},
								"down": {
									"uv": [71, 21.75],
									"uv_size": [0.75, -0.75]
								}
							}
						},
						{
							"origin": [-5.7, 3.1, -4.1],
							"size": [0.8, 0.8, 0.8],
							"uv": {
								"north": {
									"uv": [22, 71],
									"uv_size": [0.75, 0.75]
								},
								"east": {
									"uv": [71, 22],
									"uv_size": [0.75, 0.75]
								},
								"south": {
									"uv": [23, 71],
									"uv_size": [0.75, 0.75]
								},
								"west": {
									"uv": [71, 23],
									"uv_size": [0.75, 0.75]
								},
								"up": {
									"uv": [24, 71],
									"uv_size": [0.75, 0.75]
								},
								"down": {
									"uv": [25, 71.75],
									"uv_size": [0.75, -0.75]
								}
							}
						},
						{
							"origin": [-2.3, 8.5, -2.5],
							"size": [1, 1, 1],
							"uv": {
								"north": {
									"uv": [51, 70],
									"uv_size": [1, 1]
								},
								"east": {
									"uv": [70, 51],
									"uv_size": [1, 1]
								},
								"south": {
									"uv": [52, 70],
									"uv_size": [1, 1]
								},
								"west": {
									"uv": [70, 52],
									"uv_size": [1, 1]
								},
								"up": {
									"uv": [53, 70],
									"uv_size": [1, 1]
								},
								"down": {
									"uv": [70, 54],
									"uv_size": [1, -1]
								}
							}
						}
					]
				},
				{
					"name": "leg",
					"parent": "total",
					"pivot": [0, 3, -2]
				},
				{
					"name": "leftleg",
					"parent": "leg",
					"pivot": [0, 5, -2],
					"cubes": [
						{
							"origin": [2, 0.08826, -4.9094],
							"size": [3, 1, 6],
							"uv": {
								"north": {
									"uv": [66, 41],
									"uv_size": [3, 1]
								},
								"east": {
									"uv": [61, 0],
									"uv_size": [6, 1]
								},
								"south": {
									"uv": [66, 42],
									"uv_size": [3, 1]
								},
								"west": {
									"uv": [61, 1],
									"uv_size": [6, 1]
								},
								"up": {
									"uv": [8, 39],
									"uv_size": [3, 6]
								},
								"down": {
									"uv": [11, 45],
									"uv_size": [3, -6]
								}
							}
						},
						{
							"origin": [2, 4.08826, -4.9094],
							"size": [3, 1, 6],
							"uv": {
								"north": {
									"uv": [66, 43],
									"uv_size": [3, 1]
								},
								"east": {
									"uv": [61, 2],
									"uv_size": [6, 1]
								},
								"south": {
									"uv": [44, 66],
									"uv_size": [3, 1]
								},
								"west": {
									"uv": [7, 61],
									"uv_size": [6, 1]
								},
								"up": {
									"uv": [14, 39],
									"uv_size": [3, 6]
								},
								"down": {
									"uv": [36, 47],
									"uv_size": [3, -6]
								}
							}
						},
						{
							"origin": [2, 1.08826, -3.9094],
							"size": [3, 1, 5],
							"uv": {
								"north": {
									"uv": [66, 44],
									"uv_size": [3, 1]
								},
								"east": {
									"uv": [16, 63],
									"uv_size": [5, 1]
								},
								"south": {
									"uv": [66, 45],
									"uv_size": [3, 1]
								},
								"west": {
									"uv": [21, 63],
									"uv_size": [5, 1]
								},
								"up": {
									"uv": [43, 36],
									"uv_size": [3, 5]
								},
								"down": {
									"uv": [14, 50],
									"uv_size": [3, -5]
								}
							}
						},
						{
							"origin": [2, 2.08826, -3.9094],
							"size": [3, 1, 5],
							"uv": {
								"north": {
									"uv": [66, 46],
									"uv_size": [3, 1]
								},
								"east": {
									"uv": [26, 63],
									"uv_size": [5, 1]
								},
								"south": {
									"uv": [47, 66],
									"uv_size": [3, 1]
								},
								"west": {
									"uv": [31, 63],
									"uv_size": [5, 1]
								},
								"up": {
									"uv": [45, 27],
									"uv_size": [3, 5]
								},
								"down": {
									"uv": [45, 46],
									"uv_size": [3, -5]
								}
							}
						},
						{
							"origin": [2, 3.08826, -4.9094],
							"size": [3, 1, 6],
							"uv": {
								"north": {
									"uv": [66, 47],
									"uv_size": [3, 1]
								},
								"east": {
									"uv": [13, 61],
									"uv_size": [6, 1]
								},
								"south": {
									"uv": [66, 48],
									"uv_size": [3, 1]
								},
								"west": {
									"uv": [19, 61],
									"uv_size": [6, 1]
								},
								"up": {
									"uv": [39, 41],
									"uv_size": [3, 6]
								},
								"down": {
									"uv": [26, 48],
									"uv_size": [3, -6]
								}
							}
						}
					]
				},
				{
					"name": "rightleg",
					"parent": "leg",
					"pivot": [0, 4.9, -1],
					"cubes": [
						{
							"origin": [-4, 1, -4],
							"size": [3, 1, 5],
							"uv": {
								"north": {
									"uv": [50, 66],
									"uv_size": [3, 1]
								},
								"east": {
									"uv": [36, 63],
									"uv_size": [5, 1]
								},
								"south": {
									"uv": [66, 57],
									"uv_size": [3, 1]
								},
								"west": {
									"uv": [41, 63],
									"uv_size": [5, 1]
								},
								"up": {
									"uv": [0, 46],
									"uv_size": [3, 5]
								},
								"down": {
									"uv": [46, 11],
									"uv_size": [3, -5]
								}
							}
						},
						{
							"origin": [-4, 2, -4],
							"size": [3, 1, 5],
							"uv": {
								"north": {
									"uv": [66, 58],
									"uv_size": [3, 1]
								},
								"east": {
									"uv": [46, 63],
									"uv_size": [5, 1]
								},
								"south": {
									"uv": [66, 63],
									"uv_size": [3, 1]
								},
								"west": {
									"uv": [51, 63],
									"uv_size": [5, 1]
								},
								"up": {
									"uv": [46, 11],
									"uv_size": [3, 5]
								},
								"down": {
									"uv": [46, 21],
									"uv_size": [3, -5]
								}
							}
						},
						{
							"origin": [-4, 3, -5],
							"size": [3, 1, 6],
							"uv": {
								"north": {
									"uv": [64, 66],
									"uv_size": [3, 1]
								},
								"east": {
									"uv": [38, 61],
									"uv_size": [6, 1]
								},
								"south": {
									"uv": [67, 0],
									"uv_size": [3, 1]
								},
								"west": {
									"uv": [44, 61],
									"uv_size": [6, 1]
								},
								"up": {
									"uv": [29, 42],
									"uv_size": [3, 6]
								},
								"down": {
									"uv": [32, 48],
									"uv_size": [3, -6]
								}
							}
						},
						{
							"origin": [-4, 0, -5],
							"size": [3, 1, 6],
							"uv": {
								"north": {
									"uv": [67, 1],
									"uv_size": [3, 1]
								},
								"east": {
									"uv": [61, 49],
									"uv_size": [6, 1]
								},
								"south": {
									"uv": [2, 67],
									"uv_size": [3, 1]
								},
								"west": {
									"uv": [61, 50],
									"uv_size": [6, 1]
								},
								"up": {
									"uv": [42, 41],
									"uv_size": [3, 6]
								},
								"down": {
									"uv": [43, 15],
									"uv_size": [3, -6]
								}
							}
						},
						{
							"origin": [-4, 4, -5],
							"size": [3, 1, 6],
							"uv": {
								"north": {
									"uv": [67, 2],
									"uv_size": [3, 1]
								},
								"east": {
									"uv": [61, 51],
									"uv_size": [6, 1]
								},
								"south": {
									"uv": [67, 6],
									"uv_size": [3, 1]
								},
								"west": {
									"uv": [61, 52],
									"uv_size": [6, 1]
								},
								"up": {
									"uv": [43, 15],
									"uv_size": [3, 6]
								},
								"down": {
									"uv": [43, 27],
									"uv_size": [3, -6]
								}
							}
						}
					]
				},
				{
					"name": "body",
					"parent": "total",
					"pivot": [0, 1, 0],
					"cubes": [
						{
							"origin": [-1, 2, -3],
							"size": [3, 9, 2],
							"uv": {
								"north": {
									"uv": [23, 37],
									"uv_size": [3, 9]
								},
								"east": {
									"uv": [43, 27],
									"uv_size": [2, 9]
								},
								"south": {
									"uv": [5, 39],
									"uv_size": [3, 9]
								},
								"west": {
									"uv": [17, 44],
									"uv_size": [2, 9]
								},
								"up": {
									"uv": [25, 61],
									"uv_size": [3, 2]
								},
								"down": {
									"uv": [50, 63],
									"uv_size": [3, -2]
								}
							}
						},
						{
							"origin": [-1, 4, -5],
							"size": [3, 5, 2],
							"uv": {
								"north": {
									"uv": [46, 21],
									"uv_size": [3, 5]
								},
								"east": {
									"uv": [49, 32],
									"uv_size": [2, 5]
								},
								"south": {
									"uv": [22, 46],
									"uv_size": [3, 5]
								},
								"west": {
									"uv": [19, 50],
									"uv_size": [2, 5]
								},
								"up": {
									"uv": [61, 60],
									"uv_size": [3, 2]
								},
								"down": {
									"uv": [7, 64],
									"uv_size": [3, -2]
								}
							}
						},
						{
							"origin": [-1, 2, -1],
							"size": [3, 5, 1],
							"uv": {
								"north": {
									"uv": [46, 32],
									"uv_size": [3, 5]
								},
								"east": {
									"uv": [26, 37],
									"uv_size": [1, 5]
								},
								"south": {
									"uv": [45, 46],
									"uv_size": [3, 5]
								},
								"west": {
									"uv": [17, 39],
									"uv_size": [1, 5]
								},
								"up": {
									"uv": [67, 7],
									"uv_size": [3, 1]
								},
								"down": {
									"uv": [12, 68],
									"uv_size": [3, -1]
								}
							}
						},
						{
							"origin": [-1, 9, -4],
							"size": [3, 2, 1],
							"uv": {
								"north": {
									"uv": [62, 8],
									"uv_size": [3, 2]
								},
								"east": {
									"uv": [69, 8],
									"uv_size": [1, 2]
								},
								"south": {
									"uv": [10, 62],
									"uv_size": [3, 2]
								},
								"west": {
									"uv": [9, 69],
									"uv_size": [1, 2]
								},
								"up": {
									"uv": [67, 13],
									"uv_size": [3, 1]
								},
								"down": {
									"uv": [67, 15],
									"uv_size": [3, -1]
								}
							}
						},
						{
							"origin": [-1, 4, -6],
							"size": [3, 4, 1],
							"uv": {
								"north": {
									"uv": [35, 47],
									"uv_size": [3, 4]
								},
								"east": {
									"uv": [45, 54],
									"uv_size": [1, 4]
								},
								"south": {
									"uv": [38, 47],
									"uv_size": [3, 4]
								},
								"west": {
									"uv": [2, 63],
									"uv_size": [1, 4]
								},
								"up": {
									"uv": [15, 67],
									"uv_size": [3, 1]
								},
								"down": {
									"uv": [67, 16],
									"uv_size": [3, -1]
								}
							}
						},
						{
							"origin": [0.3, 8, 0],
							"size": [0.5, 0.8, 1],
							"uv": {
								"north": {
									"uv": [71, 32],
									"uv_size": [0.5, 0.75]
								},
								"east": {
									"uv": [7, 71],
									"uv_size": [1, 0.75]
								},
								"south": {
									"uv": [33, 71],
									"uv_size": [0.5, 0.75]
								},
								"west": {
									"uv": [8, 71],
									"uv_size": [1, 0.75]
								},
								"up": {
									"uv": [71, 29],
									"uv_size": [0.5, 1]
								},
								"down": {
									"uv": [30, 72],
									"uv_size": [0.5, -1]
								}
							}
						},
						{
							"origin": [0, 7, -1],
							"size": [1, 2, 1],
							"uv": {
								"north": {
									"uv": [10, 69],
									"uv_size": [1, 2]
								},
								"east": {
									"uv": [69, 10],
									"uv_size": [1, 2]
								},
								"south": {
									"uv": [11, 69],
									"uv_size": [1, 2]
								},
								"west": {
									"uv": [12, 69],
									"uv_size": [1, 2]
								},
								"up": {
									"uv": [54, 70],
									"uv_size": [1, 1]
								},
								"down": {
									"uv": [70, 55],
									"uv_size": [1, -1]
								}
							}
						},
						{
							"origin": [0, 10, -1],
							"size": [1, 1, 1],
							"uv": {
								"north": {
									"uv": [55, 70],
									"uv_size": [1, 1]
								},
								"east": {
									"uv": [70, 55],
									"uv_size": [1, 1]
								},
								"south": {
									"uv": [56, 70],
									"uv_size": [1, 1]
								},
								"west": {
									"uv": [70, 56],
									"uv_size": [1, 1]
								},
								"up": {
									"uv": [57, 70],
									"uv_size": [1, 1]
								},
								"down": {
									"uv": [70, 58],
									"uv_size": [1, -1]
								}
							}
						},
						{
							"origin": [-1, 3, -5],
							"size": [3, 1, 2],
							"uv": {
								"north": {
									"uv": [67, 16],
									"uv_size": [3, 1]
								},
								"east": {
									"uv": [68, 65],
									"uv_size": [2, 1]
								},
								"south": {
									"uv": [67, 17],
									"uv_size": [3, 1]
								},
								"west": {
									"uv": [69, 5],
									"uv_size": [2, 1]
								},
								"up": {
									"uv": [62, 10],
									"uv_size": [3, 2]
								},
								"down": {
									"uv": [13, 64],
									"uv_size": [3, -2]
								}
							}
						},
						{
							"origin": [2, 7, -5],
							"size": [1, 1, 4],
							"uv": {
								"north": {
									"uv": [58, 70],
									"uv_size": [1, 1]
								},
								"east": {
									"uv": [64, 60],
									"uv_size": [4, 1]
								},
								"south": {
									"uv": [70, 58],
									"uv_size": [1, 1]
								},
								"west": {
									"uv": [64, 61],
									"uv_size": [4, 1]
								},
								"up": {
									"uv": [62, 64],
									"uv_size": [1, 4]
								},
								"down": {
									"uv": [63, 68],
									"uv_size": [1, -4]
								}
							}
						},
						{
							"origin": [2, 6, -5],
							"size": [2, 1, 5],
							"uv": {
								"north": {
									"uv": [13, 69],
									"uv_size": [2, 1]
								},
								"east": {
									"uv": [56, 63],
									"uv_size": [5, 1]
								},
								"south": {
									"uv": [15, 69],
									"uv_size": [2, 1]
								},
								"west": {
									"uv": [61, 63],
									"uv_size": [5, 1]
								},
								"up": {
									"uv": [50, 49],
									"uv_size": [2, 5]
								},
								"down": {
									"uv": [0, 56],
									"uv_size": [2, -5]
								}
							}
						},
						{
							"origin": [2, 5, -5],
							"size": [3, 1, 6],
							"uv": {
								"north": {
									"uv": [18, 67],
									"uv_size": [3, 1]
								},
								"east": {
									"uv": [62, 12],
									"uv_size": [6, 1]
								},
								"south": {
									"uv": [67, 18],
									"uv_size": [3, 1]
								},
								"west": {
									"uv": [16, 62],
									"uv_size": [6, 1]
								},
								"up": {
									"uv": [19, 44],
									"uv_size": [3, 6]
								},
								"down": {
									"uv": [45, 6],
									"uv_size": [3, -6]
								}
							}
						},
						{
							"origin": [-2, 6.9, -5],
							"size": [1, 1, 4],
							"uv": {
								"north": {
									"uv": [59, 70],
									"uv_size": [1, 1]
								},
								"east": {
									"uv": [64, 64],
									"uv_size": [4, 1]
								},
								"south": {
									"uv": [70, 59],
									"uv_size": [1, 1]
								},
								"west": {
									"uv": [3, 65],
									"uv_size": [4, 1]
								},
								"up": {
									"uv": [7, 65],
									"uv_size": [1, 4]
								},
								"down": {
									"uv": [8, 69],
									"uv_size": [1, -4]
								}
							}
						},
						{
							"origin": [-3, 5.9, -5],
							"size": [2, 1, 5],
							"uv": {
								"north": {
									"uv": [17, 69],
									"uv_size": [2, 1]
								},
								"east": {
									"uv": [63, 62],
									"uv_size": [5, 1]
								},
								"south": {
									"uv": [19, 69],
									"uv_size": [2, 1]
								},
								"west": {
									"uv": [7, 64],
									"uv_size": [5, 1]
								},
								"up": {
									"uv": [8, 51],
									"uv_size": [2, 5]
								},
								"down": {
									"uv": [51, 13],
									"uv_size": [2, -5]
								}
							}
						},
						{
							"origin": [-4, 5, -5],
							"size": [3, 1, 6],
							"uv": {
								"north": {
									"uv": [67, 19],
									"uv_size": [3, 1]
								},
								"east": {
									"uv": [28, 62],
									"uv_size": [6, 1]
								},
								"south": {
									"uv": [67, 20],
									"uv_size": [3, 1]
								},
								"west": {
									"uv": [34, 62],
									"uv_size": [6, 1]
								},
								"up": {
									"uv": [8, 45],
									"uv_size": [3, 6]
								},
								"down": {
									"uv": [11, 51],
									"uv_size": [3, -6]
								}
							}
						}
					]
				},
				{
					"name": "tail",
					"parent": "total",
					"pivot": [0, 4, 0],
					"cubes": [
						{
							"origin": [-1, 2, 0],
							"size": [3, 4, 1],
							"uv": {
								"north": {
									"uv": [41, 47],
									"uv_size": [3, 4]
								},
								"east": {
									"uv": [65, 8],
									"uv_size": [1, 4]
								},
								"south": {
									"uv": [3, 48],
									"uv_size": [3, 4]
								},
								"west": {
									"uv": [9, 65],
									"uv_size": [1, 4]
								},
								"up": {
									"uv": [21, 67],
									"uv_size": [3, 1]
								},
								"down": {
									"uv": [67, 22],
									"uv_size": [3, -1]
								}
							}
						},
						{
							"origin": [-1, 2, 1],
							"size": [3, 4, 1],
							"uv": {
								"north": {
									"uv": [25, 48],
									"uv_size": [3, 4]
								},
								"east": {
									"uv": [10, 65],
									"uv_size": [1, 4]
								},
								"south": {
									"uv": [48, 27],
									"uv_size": [3, 4]
								},
								"west": {
									"uv": [11, 65],
									"uv_size": [1, 4]
								},
								"up": {
									"uv": [67, 22],
									"uv_size": [3, 1]
								},
								"down": {
									"uv": [67, 24],
									"uv_size": [3, -1]
								}
							}
						},
						{
							"origin": [-0.7, 2, 2],
							"size": [2.4, 3.4, 1],
							"uv": {
								"north": {
									"uv": [35, 54],
									"uv_size": [2.5, 3.5]
								},
								"east": {
									"uv": [59, 65],
									"uv_size": [1, 3.5]
								},
								"south": {
									"uv": [38, 54],
									"uv_size": [2.5, 3.5]
								},
								"west": {
									"uv": [60, 65],
									"uv_size": [1, 3.5]
								},
								"up": {
									"uv": [67, 32],
									"uv_size": [2.5, 1]
								},
								"down": {
									"uv": [67, 34],
									"uv_size": [2.5, -1]
								}
							}
						},
						{
							"origin": [-0.5, 3, 3],
							"size": [2, 2, 1],
							"uv": {
								"north": {
									"uv": [28, 65],
									"uv_size": [2, 2]
								},
								"east": {
									"uv": [21, 69],
									"uv_size": [1, 2]
								},
								"south": {
									"uv": [30, 65],
									"uv_size": [2, 2]
								},
								"west": {
									"uv": [27, 69],
									"uv_size": [1, 2]
								},
								"up": {
									"uv": [69, 26],
									"uv_size": [2, 1]
								},
								"down": {
									"uv": [31, 70],
									"uv_size": [2, -1]
								}
							}
						},
						{
							"origin": [-0.2, 4, 4],
							"size": [1.5, 1.5, 1],
							"uv": {
								"north": {
									"uv": [36, 67],
									"uv_size": [1.5, 1.5]
								},
								"east": {
									"uv": [42, 69],
									"uv_size": [1, 1.5]
								},
								"south": {
									"uv": [41, 67],
									"uv_size": [1.5, 1.5]
								},
								"west": {
									"uv": [45, 69],
									"uv_size": [1, 1.5]
								},
								"up": {
									"uv": [69, 45],
									"uv_size": [1.5, 1]
								},
								"down": {
									"uv": [69, 47],
									"uv_size": [1.5, -1]
								}
							}
						},
						{
							"origin": [0, 5, 5],
							"size": [1, 1, 0.5],
							"uv": {
								"north": {
									"uv": [60, 70],
									"uv_size": [1, 1]
								},
								"east": {
									"uv": [71, 30],
									"uv_size": [0.5, 1]
								},
								"south": {
									"uv": [70, 60],
									"uv_size": [1, 1]
								},
								"west": {
									"uv": [31, 71],
									"uv_size": [0.5, 1]
								},
								"up": {
									"uv": [71, 31],
									"uv_size": [1, 0.5]
								},
								"down": {
									"uv": [32, 71.5],
									"uv_size": [1, -0.5]
								}
							}
						},
						{
							"origin": [0.3, 5.7, 5.5],
							"size": [0.5, 0.5, 0.25],
							"uv": {
								"north": {
									"uv": [71, 33],
									"uv_size": [0.5, 0.5]
								},
								"east": {
									"uv": [71, 34],
									"uv_size": [0.25, 0.5]
								},
								"south": {
									"uv": [34, 71],
									"uv_size": [0.5, 0.5]
								},
								"west": {
									"uv": [35, 71],
									"uv_size": [0.25, 0.5]
								},
								"up": {
									"uv": [71, 35],
									"uv_size": [0.5, 0.25]
								},
								"down": {
									"uv": [36, 71.25],
									"uv_size": [0.5, -0.25]
								}
							}
						},
						{
							"origin": [0, 6, 1],
							"size": [1, 1, 1],
							"uv": {
								"north": {
									"uv": [61, 70],
									"uv_size": [1, 1]
								},
								"east": {
									"uv": [70, 61],
									"uv_size": [1, 1]
								},
								"south": {
									"uv": [62, 70],
									"uv_size": [1, 1]
								},
								"west": {
									"uv": [70, 62],
									"uv_size": [1, 1]
								},
								"up": {
									"uv": [63, 70],
									"uv_size": [1, 1]
								},
								"down": {
									"uv": [70, 64],
									"uv_size": [1, -1]
								}
							}
						},
						{
							"origin": [0, 5.4, 2],
							"size": [1, 1, 1],
							"uv": {
								"north": {
									"uv": [64, 70],
									"uv_size": [1, 1]
								},
								"east": {
									"uv": [70, 64],
									"uv_size": [1, 1]
								},
								"south": {
									"uv": [65, 70],
									"uv_size": [1, 1]
								},
								"west": {
									"uv": [70, 65],
									"uv_size": [1, 1]
								},
								"up": {
									"uv": [66, 70],
									"uv_size": [1, 1]
								},
								"down": {
									"uv": [70, 67],
									"uv_size": [1, -1]
								}
							}
						}
					]
				}
			]
		}
	]
}