{
    "format_version": "1.12.0",
    "minecraft:geometry": [
        {
            "bones": [
                {
                    "name": "total",
                    "pivot": [
                        0,
                        0,
                        0
                    ]
                },
                {
                    "name": "leg",
                    "parent": "total",
                    "pivot": [
                        0,
                        4,
                        1
                    ]
                },
                {
                    "cubes": [
                        {
                            "origin": [
                                1,
                                0,
                                -2
                            ],
                            "size": [
                                3,
                                1,
                                5
                            ],
                            "uv": [
                                72,
                                52
                            ]
                        },
                        {
                            "origin": [
                                1,
                                1,
                                -1
                            ],
                            "size": [
                                2,
                                1,
                                4
                            ],
                            "uv": [
                                26,
                                82
                            ]
                        },
                        {
                            "origin": [
                                1,
                                2,
                                -1
                            ],
                            "size": [
                                3,
                                1,
                                4
                            ],
                            "uv": [
                                74,
                                71
                            ]
                        },
                        {
                            "origin": [
                                2,
                                3,
                                -1
                            ],
                            "size": [
                                2,
                                1,
                                4
                            ],
                            "uv": [
                                64,
                                80
                            ]
                        },
                        {
                            "origin": [
                                3,
                                4,
                                -1
                            ],
                            "size": [
                                1,
                                1,
                                4
                            ],
                            "uv": [
                                0,
                                20
                            ]
                        }
                    ],
                    "name": "leftleg",
                    "parent": "leg",
                    "pivot": [
                        0,
                        4,
                        1
                    ]
                },
                {
                    "cubes": [
                        {
                            "origin": [
                                -3,
                                0,
                                -2
                            ],
                            "size": [
                                3,
                                1,
                                5
                            ],
                            "uv": [
                                72,
                                37
                            ]
                        },
                        {
                            "origin": [
                                -2,
                                1,
                                -1
                            ],
                            "size": [
                                2,
                                1,
                                4
                            ],
                            "uv": [
                                13,
                                82
                            ]
                        },
                        {
                            "origin": [
                                -3,
                                2,
                                -1
                            ],
                            "size": [
                                3,
                                1,
                                4
                            ],
                            "uv": [
                                62,
                                73
                            ]
                        },
                        {
                            "origin": [
                                -3,
                                3,
                                -1
                            ],
                            "size": [
                                2,
                                1,
                                4
                            ],
                            "uv": [
                                0,
                                81
                            ]
                        },
                        {
                            "origin": [
                                -3,
                                4,
                                -1
                            ],
                            "size": [
                                1,
                                1,
                                4
                            ],
                            "uv": [
                                0,
                                28
                            ]
                        }
                    ],
                    "name": "rightleg",
                    "parent": "leg",
                    "pivot": [
                        0,
                        4,
                        1
                    ]
                },
                {
                    "cubes": [
                        {
                            "origin": [
                                -4,
                                11,
                                -5
                            ],
                            "size": [
                                9,
                                1,
                                9
                            ],
                            "uv": [
                                32,
                                39
                            ]
                        },
                        {
                            "origin": [
                                -4,
                                12,
                                -6
                            ],
                            "size": [
                                9,
                                1,
                                10
                            ],
                            "uv": [
                                31,
                                14
                            ]
                        },
                        {
                            "origin": [
                                -4,
                                13,
                                -7
                            ],
                            "size": [
                                9,
                                1,
                                12
                            ],
                            "uv": [
                                0,
                                14
                            ]
                        },
                        {
                            "origin": [
                                -4,
                                14,
                                -7
                            ],
                            "size": [
                                9,
                                1,
                                12
                            ],
                            "uv": [
                                0,
                                0
                            ]
                        },
                        {
                            "origin": [
                                -4,
                                15,
                                -7
                            ],
                            "size": [
                                9,
                                1,
                                11
                            ],
                            "uv": [
                                0,
                                28
                            ]
                        },
                        {
                            "origin": [
                                -4,
                                16,
                                -6
                            ],
                            "size": [
                                9,
                                1,
                                10
                            ],
                            "uv": [
                                31,
                                0
                            ]
                        },
                        {
                            "origin": [
                                -4,
                                17,
                                -5
                            ],
                            "size": [
                                9,
                                1,
                                9
                            ],
                            "uv": [
                                30,
                                28
                            ]
                        },
                        {
                            "origin": [
                                5,
                                12,
                                -5
                            ],
                            "size": [
                                1,
                                1,
                                9
                            ],
                            "uv": [
                                60,
                                53
                            ]
                        },
                        {
                            "origin": [
                                5,
                                11,
                                -4
                            ],
                            "size": [
                                1,
                                1,
                                7
                            ],
                            "uv": [
                                26,
                                62
                            ]
                        },
                        {
                            "origin": [
                                -5,
                                11,
                                -4
                            ],
                            "size": [
                                1,
                                1,
                                7
                            ],
                            "uv": [
                                36,
                                50
                            ]
                        },
                        {
                            "origin": [
                                -5,
                                16,
                                -4
                            ],
                            "size": [
                                1,
                                1,
                                7
                            ],
                            "uv": [
                                61,
                                64
                            ]
                        },
                        {
                            "mirror": true,
                            "origin": [
                                5,
                                16,
                                -4
                            ],
                            "size": [
                                1,
                                1,
                                7
                            ],
                            "uv": [
                                61,
                                64
                            ]
                        },
                        {
                            "origin": [
                                -5,
                                14,
                                -6
                            ],
                            "size": [
                                1,
                                1,
                                10
                            ],
                            "uv": [
                                0,
                                52
                            ]
                        },
                        {
                            "mirror": true,
                            "origin": [
                                5,
                                14,
                                -6
                            ],
                            "size": [
                                1,
                                1,
                                10
                            ],
                            "uv": [
                                0,
                                52
                            ]
                        },
                        {
                            "origin": [
                                -5,
                                12,
                                -5
                            ],
                            "size": [
                                1,
                                1,
                                9
                            ],
                            "uv": [
                                60,
                                12
                            ]
                        },
                        {
                            "origin": [
                                -5,
                                13,
                                -6
                            ],
                            "size": [
                                1,
                                1,
                                10
                            ],
                            "uv": [
                                23,
                                50
                            ]
                        },
                        {
                            "mirror": true,
                            "origin": [
                                5,
                                13,
                                -6
                            ],
                            "size": [
                                1,
                                1,
                                10
                            ],
                            "uv": [
                                23,
                                50
                            ]
                        },
                        {
                            "origin": [
                                -5,
                                15,
                                -5
                            ],
                            "size": [
                                1,
                                1,
                                9
                            ],
                            "uv": [
                                14,
                                62
                            ]
                        },
                        {
                            "mirror": true,
                            "origin": [
                                5,
                                15,
                                -5
                            ],
                            "size": [
                                1,
                                1,
                                9
                            ],
                            "uv": [
                                14,
                                62
                            ]
                        },
                        {
                            "origin": [
                                -2,
                                17,
                                -6
                            ],
                            "size": [
                                5,
                                1,
                                1
                            ],
                            "uv": [
                                84,
                                14
                            ]
                        },
                        {
                            "origin": [
                                -3,
                                16,
                                -7
                            ],
                            "size": [
                                7,
                                1,
                                1
                            ],
                            "uv": [
                                80,
                                25
                            ]
                        },
                        {
                            "origin": [
                                -3,
                                16,
                                4
                            ],
                            "size": [
                                7,
                                1,
                                1
                            ],
                            "uv": [
                                34,
                                79
                            ]
                        },
                        {
                            "origin": [
                                -3,
                                14,
                                -8
                            ],
                            "size": [
                                7,
                                1,
                                1
                            ],
                            "uv": [
                                80,
                                22
                            ]
                        },
                        {
                            "origin": [
                                -1,
                                13,
                                5
                            ],
                            "size": [
                                3,
                                1,
                                1
                            ],
                            "uv": [
                                30,
                                33
                            ]
                        },
                        {
                            "origin": [
                                -3,
                                12,
                                -7
                            ],
                            "size": [
                                7,
                                1,
                                1
                            ],
                            "uv": [
                                76,
                                0
                            ]
                        },
                        {
                            "origin": [
                                -3,
                                12,
                                4
                            ],
                            "size": [
                                7,
                                1,
                                1
                            ],
                            "uv": [
                                60,
                                7
                            ]
                        },
                        {
                            "origin": [
                                -3,
                                11,
                                -6
                            ],
                            "size": [
                                7,
                                1,
                                1
                            ],
                            "uv": [
                                70,
                                32
                            ]
                        },
                        {
                            "origin": [
                                -3,
                                13,
                                -8
                            ],
                            "size": [
                                7,
                                1,
                                1
                            ],
                            "uv": [
                                72,
                                59
                            ]
                        },
                        {
                            "origin": [
                                -1,
                                12,
                                5
                            ],
                            "size": [
                                3,
                                1,
                                1
                            ],
                            "uv": [
                                31,
                                20
                            ]
                        },
                        {
                            "origin": [
                                -3,
                                14,
                                5
                            ],
                            "size": [
                                7,
                                1,
                                1
                            ],
                            "uv": [
                                0,
                                78
                            ]
                        },
                        {
                            "origin": [
                                -3,
                                15,
                                -8
                            ],
                            "size": [
                                7,
                                1,
                                1
                            ],
                            "uv": [
                                51,
                                79
                            ]
                        },
                        {
                            "origin": [
                                -3,
                                15,
                                4
                            ],
                            "size": [
                                7,
                                1,
                                1
                            ],
                            "uv": [
                                17,
                                79
                            ]
                        },
                        {
                            "origin": [
                                -2,
                                17,
                                4
                            ],
                            "size": [
                                5,
                                1,
                                1
                            ],
                            "uv": [
                                84,
                                8
                            ]
                        },
                        {
                            "origin": [
                                0,
                                13,
                                6
                            ],
                            "size": [
                                1,
                                1,
                                1
                            ],
                            "uv": [
                                87,
                                80
                            ]
                        }
                    ],
                    "name": "head",
                    "parent": "total",
                    "pivot": [
                        0,
                        10,
                        2
                    ]
                },
                {
                    "cubes": [
                        {
                            "origin": [
                                -1,
                                18,
                                0
                            ],
                            "size": [
                                3,
                                1,
                                4
                            ],
                            "uv": [
                                17,
                                73
                            ]
                        },
                        {
                            "origin": [
                                -1,
                                19,
                                -5
                            ],
                            "size": [
                                3,
                                1,
                                5
                            ],
                            "uv": [
                                71,
                                64
                            ]
                        },
                        {
                            "origin": [
                                -1,
                                19,
                                0
                            ],
                            "size": [
                                3,
                                1,
                                4
                            ],
                            "uv": [
                                72,
                                44
                            ]
                        },
                        {
                            "origin": [
                                -1,
                                20,
                                -1
                            ],
                            "size": [
                                3,
                                1,
                                5
                            ],
                            "uv": [
                                0,
                                71
                            ]
                        },
                        {
                            "origin": [
                                -1,
                                21,
                                0
                            ],
                            "size": [
                                3,
                                1,
                                4
                            ],
                            "uv": [
                                26,
                                41
                            ]
                        },
                        {
                            "origin": [
                                0,
                                22,
                                1
                            ],
                            "size": [
                                1,
                                1,
                                3
                            ],
                            "uv": [
                                31,
                                5
                            ]
                        },
                        {
                            "origin": [
                                0,
                                23,
                                2
                            ],
                            "size": [
                                1,
                                1,
                                2
                            ],
                            "uv": [
                                60,
                                43
                            ]
                        },
                        {
                            "origin": [
                                -1,
                                20,
                                -4
                            ],
                            "size": [
                                3,
                                1,
                                3
                            ],
                            "uv": [
                                52,
                                83
                            ]
                        },
                        {
                            "origin": [
                                -1,
                                18,
                                -5
                            ],
                            "size": [
                                3,
                                1,
                                5
                            ],
                            "uv": [
                                13,
                                52
                            ]
                        },
                        {
                            "origin": [
                                -1,
                                18,
                                4
                            ],
                            "size": [
                                3,
                                1,
                                2
                            ],
                            "uv": [
                                84,
                                35
                            ]
                        },
                        {
                            "origin": [
                                0,
                                18,
                                6
                            ],
                            "size": [
                                1,
                                1,
                                2
                            ],
                            "uv": [
                                60,
                                39
                            ]
                        },
                        {
                            "origin": [
                                -1,
                                17,
                                5
                            ],
                            "size": [
                                3,
                                1,
                                2
                            ],
                            "uv": [
                                0,
                                34
                            ]
                        },
                        {
                            "origin": [
                                0,
                                17,
                                7
                            ],
                            "size": [
                                1,
                                1,
                                1
                            ],
                            "uv": [
                                87,
                                83
                            ]
                        },
                        {
                            "origin": [
                                -1,
                                16,
                                4
                            ],
                            "size": [
                                3,
                                1,
                                3
                            ],
                            "uv": [
                                39,
                                82
                            ]
                        },
                        {
                            "origin": [
                                0,
                                21,
                                -3
                            ],
                            "size": [
                                1,
                                1,
                                1
                            ],
                            "uv": [
                                86,
                                87
                            ]
                        },
                        {
                            "origin": [
                                5,
                                17,
                                2
                            ],
                            "size": [
                                1,
                                2,
                                2
                            ],
                            "uv": [
                                25,
                                52
                            ]
                        },
                        {
                            "origin": [
                                -5,
                                17,
                                2
                            ],
                            "size": [
                                1,
                                2,
                                2
                            ],
                            "uv": [
                                0,
                                52
                            ]
                        },
                        {
                            "origin": [
                                4,
                                18,
                                3
                            ],
                            "size": [
                                1,
                                2,
                                1
                            ],
                            "uv": [
                                65,
                                86
                            ]
                        },
                        {
                            "origin": [
                                -4,
                                18,
                                3
                            ],
                            "size": [
                                1,
                                2,
                                1
                            ],
                            "uv": [
                                85,
                                71
                            ]
                        }
                    ],
                    "name": "cape",
                    "parent": "head",
                    "pivot": [
                        0,
                        0,
                        6
                    ]
                },
                {
                    "cubes": [
                        {
                            "origin": [
                                6,
                                15,
                                3
                            ],
                            "size": [
                                1,
                                2,
                                1
                            ],
                            "uv": [
                                9,
                                81
                            ]
                        },
                        {
                            "origin": [
                                6,
                                13,
                                2
                            ],
                            "size": [
                                1,
                                2,
                                1
                            ],
                            "uv": [
                                43,
                                73
                            ]
                        },
                        {
                            "origin": [
                                6,
                                11,
                                2
                            ],
                            "size": [
                                1,
                                2,
                                1
                            ],
                            "uv": [
                                28,
                                73
                            ]
                        },
                        {
                            "origin": [
                                6,
                                15,
                                4
                            ],
                            "size": [
                                1,
                                2,
                                1
                            ],
                            "uv": [
                                58,
                                73
                            ]
                        },
                        {
                            "origin": [
                                6,
                                13,
                                3
                            ],
                            "size": [
                                1,
                                2,
                                1
                            ],
                            "uv": [
                                72,
                                52
                            ]
                        },
                        {
                            "origin": [
                                6,
                                11,
                                3
                            ],
                            "size": [
                                1,
                                2,
                                1
                            ],
                            "uv": [
                                72,
                                14
                            ]
                        },
                        {
                            "origin": [
                                7,
                                16,
                                4
                            ],
                            "size": [
                                1,
                                1,
                                1
                            ],
                            "uv": [
                                5,
                                87
                            ]
                        },
                        {
                            "origin": [
                                7,
                                14,
                                3
                            ],
                            "size": [
                                1,
                                1,
                                1
                            ],
                            "uv": [
                                84,
                                77
                            ]
                        },
                        {
                            "origin": [
                                7,
                                12,
                                3
                            ],
                            "size": [
                                1,
                                1,
                                1
                            ],
                            "uv": [
                                84,
                                54
                            ]
                        },
                        {
                            "origin": [
                                6,
                                16,
                                5
                            ],
                            "size": [
                                2,
                                1,
                                1
                            ],
                            "uv": [
                                70,
                                23
                            ]
                        },
                        {
                            "origin": [
                                6,
                                14,
                                4
                            ],
                            "size": [
                                2,
                                1,
                                1
                            ],
                            "uv": [
                                67,
                                37
                            ]
                        },
                        {
                            "origin": [
                                6,
                                11,
                                4
                            ],
                            "size": [
                                2,
                                1,
                                1
                            ],
                            "uv": [
                                16,
                                64
                            ]
                        },
                        {
                            "origin": [
                                -6,
                                13,
                                2
                            ],
                            "size": [
                                1,
                                2,
                                1
                            ],
                            "uv": [
                                0,
                                64
                            ]
                        },
                        {
                            "origin": [
                                -7,
                                14,
                                3
                            ],
                            "size": [
                                1,
                                1,
                                1
                            ],
                            "uv": [
                                62,
                                32
                            ]
                        },
                        {
                            "origin": [
                                -7,
                                16,
                                4
                            ],
                            "size": [
                                1,
                                1,
                                1
                            ],
                            "uv": [
                                12,
                                73
                            ]
                        },
                        {
                            "origin": [
                                -7,
                                16,
                                5
                            ],
                            "size": [
                                2,
                                1,
                                1
                            ],
                            "uv": [
                                59,
                                57
                            ]
                        },
                        {
                            "origin": [
                                -6,
                                15,
                                3
                            ],
                            "size": [
                                1,
                                2,
                                1
                            ],
                            "uv": [
                                63,
                                64
                            ]
                        },
                        {
                            "origin": [
                                -6,
                                15,
                                4
                            ],
                            "size": [
                                1,
                                2,
                                1
                            ],
                            "uv": [
                                7,
                                14
                            ]
                        },
                        {
                            "origin": [
                                -6,
                                11,
                                2
                            ],
                            "size": [
                                1,
                                2,
                                1
                            ],
                            "uv": [
                                7,
                                20
                            ]
                        },
                        {
                            "origin": [
                                -6,
                                13,
                                3
                            ],
                            "size": [
                                1,
                                2,
                                1
                            ],
                            "uv": [
                                7,
                                6
                            ]
                        },
                        {
                            "origin": [
                                -7,
                                12,
                                3
                            ],
                            "size": [
                                1,
                                1,
                                1
                            ],
                            "uv": [
                                26,
                                47
                            ]
                        },
                        {
                            "origin": [
                                -7,
                                11,
                                4
                            ],
                            "size": [
                                2,
                                1,
                                1
                            ],
                            "uv": [
                                0,
                                47
                            ]
                        },
                        {
                            "origin": [
                                -6,
                                11,
                                3
                            ],
                            "size": [
                                1,
                                2,
                                1
                            ],
                            "uv": [
                                7,
                                0
                            ]
                        },
                        {
                            "origin": [
                                -7,
                                14,
                                4
                            ],
                            "size": [
                                2,
                                1,
                                1
                            ],
                            "uv": [
                                13,
                                59
                            ]
                        }
                    ],
                    "name": "bone",
                    "parent": "cape",
                    "pivot": [
                        0,
                        0,
                        6
                    ]
                },
                {
                    "cubes": [
                        {
                            "origin": [
                                -6,
                                17,
                                -3
                            ],
                            "size": [
                                1,
                                2,
                                1
                            ],
                            "uv": [
                                71,
                                64
                            ]
                        },
                        {
                            "origin": [
                                -6,
                                16,
                                -4
                            ],
                            "size": [
                                1,
                                2,
                                1
                            ],
                            "uv": [
                                0,
                                71
                            ]
                        },
                        {
                            "origin": [
                                -6,
                                17,
                                -2
                            ],
                            "size": [
                                1,
                                2,
                                1
                            ],
                            "uv": [
                                70,
                                26
                            ]
                        },
                        {
                            "origin": [
                                -5,
                                16,
                                -5
                            ],
                            "size": [
                                1,
                                1,
                                1
                            ],
                            "uv": [
                                84,
                                39
                            ]
                        },
                        {
                            "origin": [
                                -6,
                                17,
                                -1
                            ],
                            "size": [
                                1,
                                1,
                                1
                            ],
                            "uv": [
                                49,
                                82
                            ]
                        },
                        {
                            "origin": [
                                -6,
                                19,
                                0
                            ],
                            "size": [
                                1,
                                1,
                                1
                            ],
                            "uv": [
                                35,
                                82
                            ]
                        },
                        {
                            "origin": [
                                -6,
                                18,
                                -1
                            ],
                            "size": [
                                1,
                                1,
                                2
                            ],
                            "uv": [
                                60,
                                12
                            ]
                        },
                        {
                            "origin": [
                                -5,
                                15,
                                -6
                            ],
                            "size": [
                                1,
                                1,
                                1
                            ],
                            "uv": [
                                81,
                                3
                            ]
                        },
                        {
                            "origin": [
                                -5,
                                17,
                                -4
                            ],
                            "size": [
                                1,
                                1,
                                3
                            ],
                            "uv": [
                                30,
                                28
                            ]
                        },
                        {
                            "origin": [
                                5,
                                15,
                                -6
                            ],
                            "size": [
                                1,
                                1,
                                1
                            ],
                            "uv": [
                                87,
                                28
                            ]
                        },
                        {
                            "origin": [
                                5,
                                16,
                                -5
                            ],
                            "size": [
                                1,
                                1,
                                1
                            ],
                            "uv": [
                                43,
                                87
                            ]
                        },
                        {
                            "origin": [
                                6,
                                16,
                                -4
                            ],
                            "size": [
                                1,
                                2,
                                1
                            ],
                            "uv": [
                                84,
                                50
                            ]
                        },
                        {
                            "origin": [
                                5,
                                17,
                                -4
                            ],
                            "size": [
                                1,
                                1,
                                3
                            ],
                            "uv": [
                                31,
                                0
                            ]
                        },
                        {
                            "origin": [
                                6,
                                17,
                                -3
                            ],
                            "size": [
                                1,
                                2,
                                1
                            ],
                            "uv": [
                                77,
                                84
                            ]
                        },
                        {
                            "origin": [
                                6,
                                17,
                                -2
                            ],
                            "size": [
                                1,
                                2,
                                1
                            ],
                            "uv": [
                                22,
                                82
                            ]
                        },
                        {
                            "origin": [
                                6,
                                18,
                                -1
                            ],
                            "size": [
                                1,
                                1,
                                2
                            ],
                            "uv": [
                                60,
                                16
                            ]
                        },
                        {
                            "origin": [
                                6,
                                19,
                                0
                            ],
                            "size": [
                                1,
                                1,
                                1
                            ],
                            "uv": [
                                87,
                                31
                            ]
                        },
                        {
                            "origin": [
                                6,
                                17,
                                -1
                            ],
                            "size": [
                                1,
                                1,
                                1
                            ],
                            "uv": [
                                38,
                                87
                            ]
                        }
                    ],
                    "name": "bone2",
                    "parent": "bone",
                    "pivot": [
                        0,
                        20,
                        -5
                    ]
                },
                {
                    "cubes": [
                        {
                            "origin": [
                                5.1,
                                13,
                                -3.5
                            ],
                            "size": [
                                1,
                                4,
                                5
                            ],
                            "uv": [
                                95,
                                67
                            ]
                        },
                        {
                            "mirror": true,
                            "origin": [
                                -5.1,
                                13,
                                -3.5
                            ],
                            "size": [
                                1,
                                4,
                                5
                            ],
                            "uv": [
                                95,
                                67
                            ]
                        }
                    ],
                    "name": "eye",
                    "parent": "head",
                    "pivot": [
                        0,
                        0,
                        0
                    ]
                },
                {
                    "cubes": [
                        {
                            "origin": [
                                -3,
                                10,
                                -4
                            ],
                            "size": [
                                7,
                                1,
                                7
                            ],
                            "uv": [
                                0,
                                43
                            ]
                        }
                    ],
                    "name": "month",
                    "parent": "head",
                    "pivot": [
                        0,
                        10,
                        2
                    ]
                },
                {
                    "name": "arm",
                    "parent": "total",
                    "pivot": [
                        0,
                        8,
                        1
                    ]
                },
                {
                    "cubes": [
                        {
                            "origin": [
                                2,
                                7,
                                0
                            ],
                            "size": [
                                1,
                                2,
                                2
                            ],
                            "uv": [
                                59,
                                52
                            ]
                        },
                        {
                            "origin": [
                                3,
                                5,
                                0
                            ],
                            "size": [
                                1,
                                3,
                                2
                            ],
                            "uv": [
                                46,
                                50
                            ]
                        },
                        {
                            "origin": [
                                4,
                                4,
                                0
                            ],
                            "size": [
                                1,
                                3,
                                2
                            ],
                            "uv": [
                                36,
                                50
                            ]
                        },
                        {
                            "origin": [
                                5,
                                3,
                                1
                            ],
                            "size": [
                                1,
                                3,
                                1
                            ],
                            "uv": [
                                47,
                                62
                            ]
                        },
                        {
                            "origin": [
                                5,
                                4,
                                0
                            ],
                            "size": [
                                1,
                                2,
                                1
                            ],
                            "uv": [
                                0,
                                87
                            ]
                        },
                        {
                            "origin": [
                                5,
                                4,
                                -1
                            ],
                            "size": [
                                1,
                                1,
                                1
                            ],
                            "uv": [
                                87,
                                47
                            ]
                        }
                    ],
                    "name": "leftarm",
                    "parent": "arm",
                    "pivot": [
                        2,
                        8,
                        1
                    ]
                },
                {
                    "cubes": [
                        {
                            "origin": [
                                -2,
                                7,
                                0
                            ],
                            "size": [
                                1,
                                2,
                                2
                            ],
                            "uv": [
                                0,
                                57
                            ]
                        },
                        {
                            "origin": [
                                -3,
                                5,
                                0
                            ],
                            "size": [
                                1,
                                3,
                                2
                            ],
                            "uv": [
                                0,
                                41
                            ]
                        },
                        {
                            "origin": [
                                -4,
                                4,
                                0
                            ],
                            "size": [
                                1,
                                3,
                                2
                            ],
                            "uv": [
                                31,
                                14
                            ]
                        },
                        {
                            "origin": [
                                -5,
                                3,
                                1
                            ],
                            "size": [
                                1,
                                3,
                                1
                            ],
                            "uv": [
                                60,
                                0
                            ]
                        },
                        {
                            "origin": [
                                -5,
                                4,
                                0
                            ],
                            "size": [
                                1,
                                2,
                                1
                            ],
                            "uv": [
                                70,
                                86
                            ]
                        },
                        {
                            "origin": [
                                -5,
                                4,
                                -1
                            ],
                            "size": [
                                1,
                                1,
                                1
                            ],
                            "uv": [
                                48,
                                87
                            ]
                        }
                    ],
                    "name": "rightarm",
                    "parent": "arm",
                    "pivot": [
                        0,
                        8,
                        1
                    ]
                },
                {
                    "cubes": [
                        {
                            "origin": [
                                0,
                                2,
                                -1
                            ],
                            "size": [
                                1,
                                1,
                                4
                            ],
                            "uv": [
                                0,
                                14
                            ]
                        },
                        {
                            "origin": [
                                -1,
                                3,
                                -2
                            ],
                            "size": [
                                3,
                                1,
                                5
                            ],
                            "uv": [
                                72,
                                14
                            ]
                        },
                        {
                            "origin": [
                                -2,
                                4,
                                -2
                            ],
                            "size": [
                                5,
                                1,
                                5
                            ],
                            "uv": [
                                47,
                                64
                            ]
                        },
                        {
                            "origin": [
                                -2,
                                5,
                                -2
                            ],
                            "size": [
                                5,
                                1,
                                5
                            ],
                            "uv": [
                                0,
                                64
                            ]
                        },
                        {
                            "origin": [
                                -2,
                                6,
                                -2
                            ],
                            "size": [
                                5,
                                1,
                                5
                            ],
                            "uv": [
                                60,
                                0
                            ]
                        },
                        {
                            "origin": [
                                -1,
                                7,
                                -1
                            ],
                            "size": [
                                3,
                                1,
                                4
                            ],
                            "uv": [
                                47,
                                73
                            ]
                        },
                        {
                            "origin": [
                                -1,
                                8,
                                -1
                            ],
                            "size": [
                                3,
                                1,
                                4
                            ],
                            "uv": [
                                32,
                                73
                            ]
                        },
                        {
                            "origin": [
                                -1,
                                9,
                                0
                            ],
                            "size": [
                                3,
                                1,
                                3
                            ],
                            "uv": [
                                84,
                                3
                            ]
                        },
                        {
                            "origin": [
                                0,
                                7,
                                3
                            ],
                            "size": [
                                1,
                                2,
                                1
                            ],
                            "uv": [
                                82,
                                84
                            ]
                        }
                    ],
                    "name": "body",
                    "parent": "total",
                    "pivot": [
                        0,
                        0,
                        6
                    ]
                },
                {
                    "name": "tail",
                    "parent": "total",
                    "pivot": [
                        0,
                        3,
                        2
                    ]
                },
                {
                    "cubes": [
                        {
                            "origin": [
                                0.34862,
                                4.83021,
                                8.81716
                            ],
                            "size": [
                                1,
                                4,
                                1
                            ],
                            "uv": [
                                36,
                                62
                            ]
                        },
                        {
                            "origin": [
                                0.34862,
                                4.83021,
                                9.81716
                            ],
                            "size": [
                                1,
                                5,
                                1
                            ],
                            "uv": [
                                58,
                                26
                            ]
                        },
                        {
                            "origin": [
                                0.34862,
                                5.83021,
                                10.81716
                            ],
                            "size": [
                                1,
                                4,
                                1
                            ],
                            "uv": [
                                26,
                                62
                            ]
                        },
                        {
                            "origin": [
                                0.34862,
                                6.83021,
                                11.81716
                            ],
                            "size": [
                                1,
                                3,
                                1
                            ],
                            "uv": [
                                13,
                                52
                            ]
                        }
                    ],
                    "name": "bone3",
                    "parent": "tail",
                    "pivot": [
                        0.34862,
                        4.83021,
                        8.81716
                    ]
                },
                {
                    "cubes": [
                        {
                            "origin": [
                                0.34862,
                                2.83021,
                                7.81716
                            ],
                            "size": [
                                1,
                                1,
                                1
                            ],
                            "uv": [
                                10,
                                88
                            ]
                        },
                        {
                            "origin": [
                                0.34862,
                                3.83021,
                                5.81716
                            ],
                            "size": [
                                1,
                                1,
                                4
                            ],
                            "uv": [
                                0,
                                0
                            ]
                        },
                        {
                            "origin": [
                                0.34862,
                                4.83021,
                                2.81716
                            ],
                            "size": [
                                1,
                                1,
                                1
                            ],
                            "uv": [
                                15,
                                88
                            ]
                        },
                        {
                            "origin": [
                                -0.65138,
                                3.83021,
                                2.81716
                            ],
                            "size": [
                                3,
                                1,
                                3
                            ],
                            "uv": [
                                83,
                                62
                            ]
                        },
                        {
                            "origin": [
                                -0.65138,
                                2.83021,
                                2.81716
                            ],
                            "size": [
                                3,
                                1,
                                5
                            ],
                            "uv": [
                                72,
                                7
                            ]
                        },
                        {
                            "origin": [
                                0.34862,
                                1.83021,
                                2.81716
                            ],
                            "size": [
                                1,
                                1,
                                4
                            ],
                            "uv": [
                                0,
                                6
                            ]
                        }
                    ],
                    "name": "bone4",
                    "parent": "tail",
                    "pivot": [
                        0.34862,
                        -0.16979,
                        5.81716
                    ]
                },
                {
                    "cubes": [
                        {
                            "origin": [
                                -1,
                                3,
                                -1
                            ],
                            "size": [
                                3,
                                3,
                                3
                            ],
                            "uv": [
                                74,
                                77
                            ]
                        },
                        {
                            "origin": [
                                0,
                                4,
                                0
                            ],
                            "size": [
                                1,
                                1,
                                1
                            ],
                            "uv": [
                                0,
                                0
                            ]
                        }
                    ],
                    "name": "fireball",
                    "parent": "total",
                    "pivot": [
                        0,
                        3,
                        6
                    ]
                }
            ],
            "description": {
                "identifier": "geometry.reguman",
                "texture_height": 128,
                "texture_width": 128,
                "visible_bounds_height": 3.5,
                "visible_bounds_offset": [
                    0,
                    1.25,
                    0
                ],
                "visible_bounds_width": 3
            }
        }
    ]
}