{
	"format_version": "1.12.0",
	"minecraft:geometry": [
		{
			"description": {
				"identifier": "geometry.semela",
				"texture_width": 128,
				"texture_height": 128,
				"visible_bounds_width": 3,
				"visible_bounds_height": 2.5,
				"visible_bounds_offset": [0, 0.75, 0]
			},
			"bones": [
				{
					"name": "total",
					"pivot": [0, 0, 0]
				},
				{
					"name": "head",
					"parent": "total",
					"pivot": [0, 12, 0],
					"cubes": [
						{"origin": [-1, 11.4, -8], "size": [3, 1, 8], "uv": [0, 29]},
						{"origin": [-3, 12, -8], "size": [7, 1, 8], "uv": [24, 28]},
						{"origin": [-3, 13, -8], "size": [7, 1, 9], "uv": [0, 19]},
						{"origin": [-4, 14, -8], "size": [9, 1, 9], "uv": [0, 0]},
						{"origin": [-4, 15, -7], "size": [9, 1, 8], "uv": [0, 10]},
						{"origin": [-3, 16, -7], "size": [7, 1, 8], "uv": [28, 9]},
						{"origin": [-3, 17, -6], "size": [7, 1, 8], "uv": [27, 0]},
						{"origin": [-3, 18, -5], "size": [7, 1, 8], "uv": [23, 19]},
						{"origin": [-2, 19, -2], "size": [5, 1, 5], "uv": [46, 28]},
						{"origin": [-1, 20, 0], "size": [3, 1, 3], "uv": [61, 8]},
						{"origin": [0, 20, 3], "size": [1, 2, 1], "uv": [46, 28]},
						{"origin": [5, 15, -6], "size": [1, 1, 6], "uv": [56, 56]},
						{"origin": [5, 16, -3], "size": [1, 1, 2], "uv": [58, 72]},
						{"origin": [4, 16, -6], "size": [1, 1, 6], "uv": [40, 53]},
						{"origin": [4, 17, -5], "size": [1, 1, 6], "uv": [18, 51]},
						{"origin": [-4, 17, -5], "size": [1, 1, 6], "uv": [10, 50]},
						{"origin": [-4, 16, -6], "size": [1, 1, 6], "uv": [32, 51]},
						{"origin": [5, 14, -7], "size": [1, 1, 7], "uv": [49, 0]},
						{"origin": [5, 13, -7], "size": [1, 1, 7], "uv": [68, 60]},
						{"origin": [-5, 16, -3], "size": [1, 1, 2], "uv": [58, 72], "mirror": true},
						{"origin": [-5, 15, -6], "size": [1, 1, 6], "uv": [56, 56], "mirror": true},
						{"origin": [-5, 14, -7], "size": [1, 1, 7], "uv": [49, 0], "mirror": true},
						{"origin": [-5, 13, -7], "size": [1, 1, 7], "uv": [68, 60], "mirror": true},
						{"origin": [4, 13, -7], "size": [1, 1, 7], "uv": [44, 45]},
						{"origin": [4, 12, -7], "size": [1, 1, 6], "uv": [0, 56]},
						{"origin": [2, 11.4, -7], "size": [1, 1, 6], "uv": [48, 54]},
						{"origin": [-2, 11.4, -7], "size": [1, 1, 6], "uv": [53, 42]},
						{"origin": [-4, 13, -7], "size": [1, 1, 7], "uv": [47, 34]},
						{"origin": [-4, 12, -7], "size": [1, 1, 6], "uv": [56, 34]},
						{"origin": [-3, 15, -8], "size": [7, 1, 1], "uv": [18, 58]},
						{"origin": [-2, 16, -8], "size": [5, 1, 1], "uv": [61, 28]},
						{"origin": [-2, 17, -7], "size": [5, 1, 1], "uv": [26, 55]},
						{"origin": [-2, 17, 2], "size": [5, 1, 1], "uv": [47, 42]},
						{"origin": [-2, 16, 1], "size": [5, 1, 1], "uv": [61, 12]},
						{"origin": [-3, 14, -9], "size": [7, 1, 1], "uv": [50, 15]},
						{"origin": [-2, 13, -9], "size": [5, 1, 1], "uv": [61, 42]},
						{"origin": [-2, 12, -9], "size": [5, 1, 1], "uv": [42, 61]},
						{"origin": [-0.3, 11.6, -8.6], "size": [1.6, 1, 1], "uv": [46, 31]},
						{"origin": [-3, 15, 1], "size": [7, 1, 1], "uv": [58, 5]},
						{"origin": [-3, 14, 1], "size": [7, 1, 1], "uv": [45, 25]},
						{"origin": [-3, 13, 1], "size": [7, 1, 1], "uv": [14, 34]},
						{"origin": [-2, 12, 0], "size": [5, 1, 1], "uv": [61, 30]},
						{"origin": [0, 11, 0], "size": [1, 1, 1], "uv": [13, 38]}
					]
				},
				{
					"name": "bone",
					"parent": "head",
					"pivot": [0, 0, 0],
					"cubes": [
						{"origin": [-0.6, 18, -7], "size": [2.1, 1, 2], "uv": [0, 4]},
						{"origin": [-1, 19, -6], "size": [3, 1, 4], "uv": [58, 0]},
						{"origin": [-1, 20, -4], "size": [3, 1, 4], "uv": [8, 57]},
						{"origin": [-0.6, 21, -2], "size": [2.3, 1, 3], "uv": [61, 44]},
						{"origin": [0, 22, 0], "size": [1, 1, 1], "uv": [46, 48]},
						{"origin": [0, 17, -8], "size": [1, 1, 1], "uv": [49, 3]},
						{"origin": [-2, 17, 3], "size": [5, 1, 2], "uv": [59, 25]},
						{"origin": [-2, 16, 2], "size": [5, 1, 3], "uv": [0, 38]},
						{"origin": [-1, 16, 5], "size": [3, 1, 1], "uv": [23, 25]},
						{"origin": [-1, 17, 5], "size": [3, 1, 1], "uv": [0, 7]},
						{"origin": [0, 16, 6], "size": [1, 1, 1], "uv": [4, 35]},
						{"origin": [0, 17, 6], "size": [1, 1, 1], "uv": [0, 35]},
						{"origin": [-1, 15, 2], "size": [3, 1, 3], "uv": [26, 51]},
						{"origin": [-1, 14, 2], "size": [3, 1, 2], "uv": [29, 62]},
						{"origin": [0, 13, 2], "size": [1, 1, 1], "uv": [46, 34]},
						{"origin": [5, 16, 0], "size": [1, 2, 4], "pivot": [0, 18, 0], "rotation": [10, 0, 0], "uv": [0, 0]},
						{"origin": [-5, 11.98858, 0.73853], "size": [1, 2, 4], "pivot": [-10, 15, 0], "rotation": [-20, 0, 0], "uv": [0, 0]},
						{"origin": [-5, 14, 0], "size": [1, 2, 4], "pivot": [-10, 18, 0], "rotation": [2.5, 0, 0], "uv": [0, 0]},
						{"origin": [-5, 16, 0], "size": [1, 2, 4], "pivot": [-10, 18, 0], "rotation": [10, 0, 0], "uv": [0, 0]},
						{"origin": [5, 14, 0], "size": [1, 2, 4], "pivot": [0, 18, 0], "rotation": [2.5, 0, 0], "uv": [0, 0]},
						{"origin": [5, 11.98858, 0.73853], "size": [1, 2, 4], "pivot": [0, 15, 0], "rotation": [-20, 0, 0], "uv": [0, 0]},
						{"origin": [5, 17, -5], "size": [1, 1, 3], "uv": [21, 72]},
						{"origin": [5, 16, -6], "size": [1, 1, 3], "uv": [41, 69]},
						{"origin": [5.4, 15, -6.1], "size": [1, 1, 1], "uv": [36, 77]},
						{"origin": [5.4, 18, -2], "size": [1, 1, 1], "uv": [36, 77]},
						{"origin": [-5.4, 15, -6.1], "size": [1, 1, 1], "uv": [36, 77], "mirror": true},
						{"origin": [-5, 16, -6], "size": [1, 1, 3], "uv": [41, 69], "mirror": true},
						{"origin": [-5, 17, -5], "size": [1, 1, 3], "uv": [21, 72], "mirror": true},
						{"origin": [-5.4, 18, -2], "size": [1, 1, 1], "uv": [36, 77], "mirror": true}
					]
				},
				{
					"name": "arm",
					"parent": "total",
					"pivot": [0, 9, 0]
				},
				{
					"name": "leftarm",
					"parent": "arm",
					"pivot": [2, 8, 0],
					"rotation": [0, 0, -2.5],
					"cubes": [
						{"origin": [2, 8, -1], "size": [1, 1, 2], "uv": [49, 0]},
						{"origin": [3, 6, -1], "size": [1, 2, 2], "uv": [47, 37]},
						{"origin": [4, 4, -1], "size": [1, 3, 2], "uv": [0, 19]}
					]
				},
				{
					"name": "rightarm",
					"parent": "arm",
					"pivot": [-1, 8, 0],
					"rotation": [0, 0, 2.5],
					"cubes": [
						{"origin": [-4, 4, -1], "size": [1, 3, 2], "uv": [0, 10]},
						{"origin": [-2, 8, -1], "size": [1, 1, 2], "uv": [9, 48]},
						{"origin": [-3, 6, -1], "size": [1, 2, 2], "uv": [16, 38]}
					]
				},
				{
					"name": "leg",
					"parent": "total",
					"pivot": [0, 0, 0]
				},
				{
					"name": "leftleg",
					"parent": "leg",
					"pivot": [0, 4, 0],
					"cubes": [
						{"origin": [2, 0, -4], "size": [4, 1, 6], "uv": [45, 18]},
						{"origin": [2, 1, -1], "size": [3, 1, 3], "uv": [19, 60]},
						{"origin": [2, 2, -1], "size": [2, 1, 2], "uv": [0, 24]},
						{"origin": [2, 3, -1], "size": [2, 1, 2], "uv": [23, 22]}
					]
				},
				{
					"name": "rightleg",
					"parent": "leg",
					"pivot": [0, 4, 0],
					"cubes": [
						{"origin": [-5, 0, -4], "size": [4, 1, 6], "uv": [16, 43]},
						{"origin": [-5, 1, -1], "size": [4, 1, 3], "uv": [59, 19]},
						{"origin": [-3, 2, -1], "size": [2, 1, 2], "uv": [23, 19]},
						{"origin": [-3, 3, -1], "size": [2, 1, 2], "uv": [0, 15]}
					]
				},
				{
					"name": "tail",
					"parent": "total",
					"pivot": [0, 4, 1],
					"cubes": [
						{"origin": [-1, 3, 1], "size": [3, 1, 5], "uv": [50, 9]},
						{"origin": [-1, 4, 2], "size": [3, 1, 7], "uv": [34, 37]},
						{"origin": [0, 5, 11], "size": [1, 2, 4], "uv": [26, 10]},
						{"origin": [-0.7, 4, 8], "size": [2.4, 2, 2], "uv": [0, 0]},
						{"origin": [-0.7, 4, 10], "size": [2.4, 2, 1], "uv": [0, 48]}
					]
				},
				{
					"name": "body",
					"parent": "total",
					"pivot": [0, 0, 0],
					"cubes": [
						{"origin": [-1, 3, 0], "size": [3, 1, 1], "uv": [27, 6]},
						{"origin": [-3, 4, -2], "size": [7, 1, 4], "uv": [0, 43]},
						{"origin": [-3, 5, -3], "size": [7, 1, 5], "uv": [17, 37]},
						{"origin": [-2, 6, -3], "size": [5, 1, 5], "uv": [31, 45]},
						{"origin": [-2, 7, -3], "size": [5, 1, 4], "uv": [14, 29]},
						{"origin": [-1, 8, -2], "size": [3, 1, 3], "uv": [31, 58]},
						{"origin": [-1, 9, -1], "size": [3, 1, 2], "uv": [10, 63]},
						{"origin": [-1, 10, -1], "size": [3, 1, 2], "uv": [0, 63]},
						{"origin": [-3, 5, 0], "size": [7, 1, 1], "uv": [59, 17]}
					]
				},
				{
					"name": "chibang",
					"parent": "total",
					"pivot": [0, 10, 0]
				},
				{
					"name": "left",
					"parent": "chibang",
					"pivot": [1, 8, 1],
					"rotation": [0, 20, 0],
					"cubes": [
						{"origin": [1, 8, 1], "size": [1, 2, 1], "uv": [46, 45]},
						{"origin": [1, 8, 2], "size": [1, 4, 1], "uv": [0, 42]},
						{"origin": [1, 8, 3], "size": [1, 5, 1], "uv": [45, 18]},
						{"origin": [1, 9, 5], "size": [1, 5, 1], "uv": [31, 0]},
						{"origin": [1, 11, 6], "size": [1, 3, 1], "uv": [14, 29]},
						{"origin": [1, 12, 7], "size": [1, 2, 1], "uv": [18, 43]},
						{"origin": [1, 9, 6], "size": [1, 1, 1], "uv": [4, 19]},
						{"origin": [1, 9, 4], "size": [1, 5, 1], "uv": [30, 43]}
					]
				},
				{
					"name": "right",
					"parent": "chibang",
					"pivot": [0, 8, 1],
					"rotation": [0, -20, 0],
					"cubes": [
						{"origin": [-1, 9, 6], "size": [1, 1, 1], "uv": [4, 10]},
						{"origin": [-1, 8, 1], "size": [1, 2, 1], "uv": [32, 10]},
						{"origin": [-1, 8, 2], "size": [1, 4, 1], "uv": [36, 37]},
						{"origin": [-1, 8, 3], "size": [1, 5, 1], "uv": [4, 29]},
						{"origin": [-1, 9, 4], "size": [1, 5, 1], "uv": [0, 29]},
						{"origin": [-1, 9, 5], "size": [1, 5, 1], "uv": [27, 0]},
						{"origin": [-1, 11, 6], "size": [1, 3, 1], "uv": [26, 10]},
						{"origin": [-1, 12, 7], "size": [1, 2, 1], "uv": [28, 29]}
					]
				}
			]
		}
	]
}