{
    "format_version": "1.12.0",
    "minecraft:geometry": [
        {
            "bones": [
                {
                    "name": "total",
                    "pivot": [
                        0,
                        0,
                        0
                    ]
                },
                {
                    "name": "leg",
                    "parent": "total",
                    "pivot": [
                        0,
                        4,
                        0
                    ]
                },
                {
                    "cubes": [
                        {
                            "origin": [
                                2,
                                0,
                                -5
                            ],
                            "size": [
                                4,
                                1,
                                7
                            ],
                            "uv": [
                                67,
                                84
                            ]
                        },
                        {
                            "origin": [
                                2,
                                1,
                                -5
                            ],
                            "size": [
                                4,
                                1,
                                7
                            ],
                            "uv": [
                                51,
                                82
                            ]
                        },
                        {
                            "origin": [
                                2,
                                2.06074,
                                -3.223
                            ],
                            "size": [
                                3,
                                1,
                                5
                            ],
                            "uv": [
                                82,
                                106
                            ]
                        },
                        {
                            "origin": [
                                2,
                                3.06074,
                                -3.223
                            ],
                            "size": [
                                3,
                                1,
                                5
                            ],
                            "uv": [
                                58,
                                101
                            ]
                        },
                        {
                            "origin": [
                                2,
                                4.06074,
                                -4.223
                            ],
                            "size": [
                                3,
                                1,
                                6
                            ],
                            "uv": [
                                60,
                                93
                            ]
                        }
                    ],
                    "name": "leftleg",
                    "parent": "leg",
                    "pivot": [
                        2,
                        5,
                        0
                    ]
                },
                {
                    "cubes": [
                        {
                            "origin": [
                                -5,
                                0,
                                -5
                            ],
                            "size": [
                                4,
                                1,
                                7
                            ],
                            "uv": [
                                82,
                                58
                            ]
                        },
                        {
                            "origin": [
                                -5,
                                1,
                                -5
                            ],
                            "size": [
                                4,
                                1,
                                7
                            ],
                            "uv": [
                                79,
                                15
                            ]
                        },
                        {
                            "origin": [
                                -4,
                                1.89319,
                                -3.63375
                            ],
                            "size": [
                                3,
                                1,
                                5
                            ],
                            "uv": [
                                84,
                                99
                            ]
                        },
                        {
                            "origin": [
                                -4,
                                2.89319,
                                -3.63375
                            ],
                            "size": [
                                3,
                                1,
                                5
                            ],
                            "uv": [
                                46,
                                99
                            ]
                        },
                        {
                            "origin": [
                                -4,
                                3.89319,
                                -4.63375
                            ],
                            "size": [
                                3,
                                1,
                                6
                            ],
                            "uv": [
                                47,
                                91
                            ]
                        }
                    ],
                    "name": "rightleg",
                    "parent": "leg",
                    "pivot": [
                        -1,
                        4,
                        0
                    ]
                },
                {
                    "cubes": [
                        {
                            "origin": [
                                -3,
                                6,
                                -6
                            ],
                            "size": [
                                7,
                                1,
                                7
                            ],
                            "uv": [
                                70,
                                49
                            ]
                        },
                        {
                            "origin": [
                                -2,
                                7,
                                -6
                            ],
                            "size": [
                                5,
                                1,
                                7
                            ],
                            "uv": [
                                57,
                                73
                            ]
                        },
                        {
                            "origin": [
                                -2,
                                8,
                                -6
                            ],
                            "size": [
                                5,
                                1,
                                7
                            ],
                            "uv": [
                                72,
                                30
                            ]
                        },
                        {
                            "origin": [
                                -1,
                                9,
                                -5
                            ],
                            "size": [
                                3,
                                1,
                                6
                            ],
                            "uv": [
                                34,
                                89
                            ]
                        },
                        {
                            "origin": [
                                -1,
                                11,
                                -3
                            ],
                            "size": [
                                3,
                                1,
                                4
                            ],
                            "uv": [
                                37,
                                106
                            ]
                        },
                        {
                            "origin": [
                                -1,
                                10,
                                -4
                            ],
                            "size": [
                                3,
                                1,
                                5
                            ],
                            "uv": [
                                34,
                                97
                            ]
                        },
                        {
                            "origin": [
                                -1,
                                5,
                                -6
                            ],
                            "size": [
                                3,
                                1,
                                7
                            ],
                            "uv": [
                                85,
                                0
                            ]
                        },
                        {
                            "origin": [
                                -1,
                                4,
                                -5
                            ],
                            "size": [
                                3,
                                1,
                                6
                            ],
                            "uv": [
                                90,
                                24
                            ]
                        },
                        {
                            "origin": [
                                -1,
                                3,
                                -4
                            ],
                            "size": [
                                3,
                                1,
                                5
                            ],
                            "uv": [
                                99,
                                0
                            ]
                        },
                        {
                            "origin": [
                                -1,
                                2,
                                -4
                            ],
                            "size": [
                                3,
                                1,
                                5
                            ],
                            "uv": [
                                98,
                                94
                            ]
                        },
                        {
                            "origin": [
                                -3,
                                5,
                                -5
                            ],
                            "size": [
                                2,
                                1,
                                6
                            ],
                            "uv": [
                                95,
                                9
                            ]
                        },
                        {
                            "origin": [
                                2,
                                5,
                                -5
                            ],
                            "size": [
                                2,
                                1,
                                6
                            ],
                            "uv": [
                                17,
                                95
                            ]
                        },
                        {
                            "origin": [
                                0,
                                5,
                                1
                            ],
                            "size": [
                                1,
                                5,
                                2
                            ],
                            "uv": [
                                57,
                                114
                            ]
                        }
                    ],
                    "name": "body",
                    "parent": "total",
                    "pivot": [
                        0,
                        0,
                        0
                    ]
                },
                {
                    "name": "arm",
                    "parent": "total",
                    "pivot": [
                        0,
                        0,
                        0
                    ]
                },
                {
                    "cubes": [
                        {
                            "origin": [
                                2,
                                8.87758,
                                -2.86339
                            ],
                            "size": [
                                1,
                                2,
                                2
                            ],
                            "uv": [
                                75,
                                73
                            ]
                        },
                        {
                            "origin": [
                                3,
                                6.87758,
                                -2.86339
                            ],
                            "size": [
                                1,
                                3,
                                2
                            ],
                            "uv": [
                                0,
                                72
                            ]
                        },
                        {
                            "origin": [
                                4,
                                4.87758,
                                -3.86339
                            ],
                            "size": [
                                1,
                                4,
                                3
                            ],
                            "uv": [
                                40,
                                49
                            ]
                        },
                        {
                            "origin": [
                                5,
                                2.87758,
                                -3.86339
                            ],
                            "size": [
                                1,
                                5,
                                3
                            ],
                            "uv": [
                                37,
                                16
                            ]
                        },
                        {
                            "origin": [
                                6,
                                2.87758,
                                -3.86339
                            ],
                            "size": [
                                1,
                                4,
                                3
                            ],
                            "uv": [
                                28,
                                47
                            ]
                        },
                        {
                            "origin": [
                                7,
                                3.87758,
                                -3.86339
                            ],
                            "size": [
                                1,
                                2,
                                3
                            ],
                            "uv": [
                                15,
                                61
                            ]
                        },
                        {
                            "origin": [
                                6,
                                4.87758,
                                -4.86339
                            ],
                            "size": [
                                1,
                                2,
                                1
                            ],
                            "uv": [
                                71,
                                15
                            ]
                        }
                    ],
                    "name": "leftarm",
                    "parent": "arm",
                    "pivot": [
                        2,
                        11,
                        -2
                    ]
                },
                {
                    "cubes": [
                        {
                            "origin": [
                                -7,
                                4.03346,
                                -2.14269
                            ],
                            "size": [
                                1,
                                2,
                                3
                            ],
                            "uv": [
                                0,
                                58
                            ]
                        },
                        {
                            "origin": [
                                -2,
                                9.03346,
                                -1.14269
                            ],
                            "size": [
                                1,
                                2,
                                2
                            ],
                            "uv": [
                                27,
                                75
                            ]
                        },
                        {
                            "origin": [
                                -3,
                                7.03346,
                                -1.14269
                            ],
                            "size": [
                                1,
                                3,
                                2
                            ],
                            "uv": [
                                70,
                                49
                            ]
                        },
                        {
                            "origin": [
                                -4,
                                5.03346,
                                -1.14269
                            ],
                            "size": [
                                1,
                                4,
                                2
                            ],
                            "uv": [
                                42,
                                65
                            ]
                        },
                        {
                            "origin": [
                                -5,
                                3.03346,
                                -2.14269
                            ],
                            "size": [
                                1,
                                5,
                                3
                            ],
                            "uv": [
                                37,
                                0
                            ]
                        },
                        {
                            "origin": [
                                -6,
                                3.03346,
                                -2.14269
                            ],
                            "size": [
                                1,
                                4,
                                3
                            ],
                            "uv": [
                                0,
                                47
                            ]
                        },
                        {
                            "origin": [
                                -6,
                                5.03346,
                                -3.14269
                            ],
                            "size": [
                                1,
                                2,
                                1
                            ],
                            "uv": [
                                36,
                                32
                            ]
                        }
                    ],
                    "name": "rightarm",
                    "parent": "arm",
                    "pivot": [
                        -1,
                        11,
                        0
                    ]
                },
                {
                    "cubes": [
                        {
                            "origin": [
                                -0.5,
                                2,
                                1
                            ],
                            "size": [
                                2,
                                1,
                                4
                            ],
                            "uv": [
                                0,
                                39
                            ]
                        },
                        {
                            "origin": [
                                -1,
                                3,
                                1
                            ],
                            "size": [
                                3,
                                1,
                                6
                            ],
                            "uv": [
                                14,
                                75
                            ]
                        },
                        {
                            "origin": [
                                -0.4,
                                4,
                                1
                            ],
                            "size": [
                                2,
                                1,
                                7
                            ],
                            "uv": [
                                21,
                                86
                            ]
                        },
                        {
                            "origin": [
                                1,
                                5,
                                7
                            ],
                            "pivot": [
                                0,
                                5,
                                7
                            ],
                            "rotation": [
                                -22.5,
                                0,
                                0
                            ],
                            "size": [
                                1,
                                2,
                                1
                            ],
                            "uv": [
                                8,
                                32
                            ]
                        },
                        {
                            "origin": [
                                2,
                                5.6,
                                7
                            ],
                            "pivot": [
                                0,
                                5,
                                7
                            ],
                            "rotation": [
                                -22.5,
                                0,
                                0
                            ],
                            "size": [
                                1,
                                2,
                                1
                            ],
                            "uv": [
                                0,
                                32
                            ]
                        },
                        {
                            "origin": [
                                -0.9,
                                5,
                                7
                            ],
                            "pivot": [
                                0,
                                5,
                                7
                            ],
                            "rotation": [
                                -22.5,
                                0,
                                0
                            ],
                            "size": [
                                1,
                                2,
                                1
                            ],
                            "uv": [
                                0,
                                16
                            ]
                        },
                        {
                            "origin": [
                                -1.9,
                                5.6,
                                7
                            ],
                            "pivot": [
                                0,
                                5,
                                7
                            ],
                            "rotation": [
                                -22.5,
                                0,
                                0
                            ],
                            "size": [
                                1,
                                2,
                                1
                            ],
                            "uv": [
                                8,
                                16
                            ]
                        }
                    ],
                    "name": "tail",
                    "parent": "total",
                    "pivot": [
                        0,
                        0,
                        0
                    ]
                },
                {
                    "cubes": [
                        {
                            "origin": [
                                -5,
                                14.01623,
                                -10.62385
                            ],
                            "size": [
                                11,
                                1,
                                13
                            ],
                            "uv": [
                                36,
                                34
                            ]
                        },
                        {
                            "origin": [
                                -5,
                                15.01623,
                                -11.62385
                            ],
                            "size": [
                                11,
                                1,
                                14
                            ],
                            "uv": [
                                0,
                                16
                            ]
                        },
                        {
                            "origin": [
                                -5,
                                16.01623,
                                -11.62385
                            ],
                            "size": [
                                11,
                                1,
                                14
                            ],
                            "uv": [
                                0,
                                0
                            ]
                        },
                        {
                            "origin": [
                                -5,
                                17.01623,
                                -11.62385
                            ],
                            "size": [
                                11,
                                1,
                                13
                            ],
                            "uv": [
                                0,
                                32
                            ]
                        },
                        {
                            "origin": [
                                -4,
                                18.01623,
                                1.37615
                            ],
                            "size": [
                                9,
                                1,
                                1
                            ],
                            "uv": [
                                98,
                                57
                            ]
                        },
                        {
                            "origin": [
                                6,
                                18.01623,
                                -8.62385
                            ],
                            "size": [
                                1,
                                1,
                                9
                            ],
                            "uv": [
                                25,
                                75
                            ]
                        },
                        {
                            "mirror": true,
                            "origin": [
                                -6,
                                15.01623,
                                -10.62385
                            ],
                            "size": [
                                1,
                                1,
                                12
                            ],
                            "uv": [
                                40,
                                51
                            ]
                        },
                        {
                            "mirror": true,
                            "origin": [
                                -6,
                                16.01623,
                                -10.62385
                            ],
                            "size": [
                                1,
                                1,
                                12
                            ],
                            "uv": [
                                0,
                                58
                            ]
                        },
                        {
                            "mirror": true,
                            "origin": [
                                -6,
                                17.01623,
                                -10.62385
                            ],
                            "size": [
                                1,
                                1,
                                11
                            ],
                            "uv": [
                                0,
                                72
                            ]
                        },
                        {
                            "mirror": true,
                            "origin": [
                                -6,
                                18.01623,
                                -8.62385
                            ],
                            "size": [
                                1,
                                1,
                                9
                            ],
                            "uv": [
                                25,
                                75
                            ]
                        },
                        {
                            "origin": [
                                6,
                                17.01623,
                                -10.62385
                            ],
                            "size": [
                                1,
                                1,
                                11
                            ],
                            "uv": [
                                0,
                                72
                            ]
                        },
                        {
                            "origin": [
                                6,
                                16.01623,
                                -10.62385
                            ],
                            "size": [
                                1,
                                1,
                                12
                            ],
                            "uv": [
                                0,
                                58
                            ]
                        },
                        {
                            "origin": [
                                6,
                                15.01623,
                                -10.62385
                            ],
                            "size": [
                                1,
                                1,
                                12
                            ],
                            "uv": [
                                40,
                                51
                            ]
                        },
                        {
                            "origin": [
                                6,
                                14.01623,
                                -9.62385
                            ],
                            "size": [
                                1,
                                1,
                                11
                            ],
                            "uv": [
                                39,
                                65
                            ]
                        },
                        {
                            "mirror": true,
                            "origin": [
                                -6,
                                14.01623,
                                -9.62385
                            ],
                            "size": [
                                1,
                                1,
                                11
                            ],
                            "uv": [
                                39,
                                65
                            ]
                        },
                        {
                            "origin": [
                                5,
                                13.01623,
                                -8.62385
                            ],
                            "size": [
                                1,
                                1,
                                8
                            ],
                            "uv": [
                                85,
                                67
                            ]
                        },
                        {
                            "origin": [
                                4,
                                12.01623,
                                -7.62385
                            ],
                            "size": [
                                1,
                                1,
                                6
                            ],
                            "uv": [
                                0,
                                103
                            ]
                        },
                        {
                            "origin": [
                                -2,
                                12.01623,
                                -0.62385
                            ],
                            "size": [
                                5,
                                1,
                                1
                            ],
                            "uv": [
                                85,
                                9
                            ]
                        },
                        {
                            "origin": [
                                -2,
                                12.01623,
                                -9.62385
                            ],
                            "size": [
                                5,
                                1,
                                1
                            ],
                            "uv": [
                                66,
                                30
                            ]
                        },
                        {
                            "origin": [
                                -4,
                                12.01623,
                                -7.62385
                            ],
                            "size": [
                                1,
                                1,
                                6
                            ],
                            "uv": [
                                95,
                                101
                            ]
                        },
                        {
                            "origin": [
                                -5,
                                13.01623,
                                -8.62385
                            ],
                            "size": [
                                1,
                                1,
                                8
                            ],
                            "uv": [
                                85,
                                39
                            ]
                        },
                        {
                            "origin": [
                                -5,
                                18.01623,
                                -9.62385
                            ],
                            "size": [
                                11,
                                1,
                                11
                            ],
                            "uv": [
                                37,
                                0
                            ]
                        },
                        {
                            "origin": [
                                -4,
                                19.01623,
                                -8.62385
                            ],
                            "size": [
                                9,
                                1,
                                9
                            ],
                            "uv": [
                                0,
                                47
                            ]
                        },
                        {
                            "origin": [
                                -3,
                                20.01623,
                                -7.62385
                            ],
                            "size": [
                                7,
                                1,
                                8
                            ],
                            "uv": [
                                59,
                                63
                            ]
                        },
                        {
                            "origin": [
                                -1,
                                21.01623,
                                -6.62385
                            ],
                            "size": [
                                3,
                                1,
                                7
                            ],
                            "uv": [
                                0,
                                85
                            ]
                        },
                        {
                            "origin": [
                                -2,
                                21.01623,
                                -5.62385
                            ],
                            "size": [
                                1,
                                1,
                                5
                            ],
                            "uv": [
                                36,
                                32
                            ]
                        },
                        {
                            "origin": [
                                2,
                                21.01623,
                                -5.62385
                            ],
                            "size": [
                                1,
                                1,
                                5
                            ],
                            "uv": [
                                0,
                                32
                            ]
                        },
                        {
                            "origin": [
                                4,
                                20.01623,
                                -6.62385
                            ],
                            "size": [
                                1,
                                1,
                                6
                            ],
                            "uv": [
                                103,
                                20
                            ]
                        },
                        {
                            "origin": [
                                5,
                                19.01623,
                                -7.62385
                            ],
                            "size": [
                                1,
                                1,
                                7
                            ],
                            "uv": [
                                72,
                                94
                            ]
                        },
                        {
                            "origin": [
                                -5,
                                19.01623,
                                -7.62385
                            ],
                            "size": [
                                1,
                                1,
                                7
                            ],
                            "uv": [
                                0,
                                94
                            ]
                        },
                        {
                            "origin": [
                                -3,
                                19.01623,
                                -9.62385
                            ],
                            "size": [
                                7,
                                1,
                                1
                            ],
                            "uv": [
                                70,
                                58
                            ]
                        },
                        {
                            "origin": [
                                -4,
                                18.01623,
                                -10.62385
                            ],
                            "size": [
                                9,
                                1,
                                1
                            ],
                            "uv": [
                                98,
                                60
                            ]
                        },
                        {
                            "origin": [
                                -4,
                                17.01623,
                                -12.62385
                            ],
                            "size": [
                                9,
                                1,
                                1
                            ],
                            "uv": [
                                97,
                                90
                            ]
                        },
                        {
                            "origin": [
                                -4,
                                16.01623,
                                -12.62385
                            ],
                            "size": [
                                9,
                                1,
                                1
                            ],
                            "uv": [
                                82,
                                96
                            ]
                        },
                        {
                            "origin": [
                                -4,
                                15.01623,
                                -12.62385
                            ],
                            "size": [
                                9,
                                1,
                                1
                            ],
                            "uv": [
                                96,
                                70
                            ]
                        },
                        {
                            "origin": [
                                -4,
                                14.01623,
                                -11.62385
                            ],
                            "size": [
                                9,
                                1,
                                1
                            ],
                            "uv": [
                                96,
                                67
                            ]
                        },
                        {
                            "origin": [
                                -4,
                                13.01623,
                                -10.62385
                            ],
                            "size": [
                                9,
                                1,
                                1
                            ],
                            "uv": [
                                96,
                                44
                            ]
                        },
                        {
                            "origin": [
                                -4,
                                13.01623,
                                0.37615
                            ],
                            "size": [
                                9,
                                1,
                                1
                            ],
                            "uv": [
                                95,
                                17
                            ]
                        },
                        {
                            "origin": [
                                -4,
                                14.01623,
                                2.37615
                            ],
                            "size": [
                                9,
                                1,
                                1
                            ],
                            "uv": [
                                92,
                                52
                            ]
                        },
                        {
                            "origin": [
                                -4,
                                15.01623,
                                2.37615
                            ],
                            "size": [
                                9,
                                1,
                                1
                            ],
                            "uv": [
                                92,
                                49
                            ]
                        },
                        {
                            "origin": [
                                -4,
                                16.01623,
                                2.37615
                            ],
                            "size": [
                                9,
                                1,
                                1
                            ],
                            "uv": [
                                15,
                                58
                            ]
                        },
                        {
                            "origin": [
                                -4,
                                17.01623,
                                1.37615
                            ],
                            "size": [
                                9,
                                1,
                                1
                            ],
                            "uv": [
                                97,
                                87
                            ]
                        },
                        {
                            "origin": [
                                -3,
                                19.01623,
                                0.37615
                            ],
                            "size": [
                                7,
                                1,
                                1
                            ],
                            "uv": [
                                51,
                                13
                            ]
                        },
                        {
                            "origin": [
                                -4,
                                20.01623,
                                -6.62385
                            ],
                            "size": [
                                1,
                                1,
                                6
                            ],
                            "uv": [
                                15,
                                103
                            ]
                        },
                        {
                            "origin": [
                                -1,
                                20.01623,
                                -8.62385
                            ],
                            "size": [
                                3,
                                1,
                                1
                            ],
                            "uv": [
                                0,
                                78
                            ]
                        },
                        {
                            "origin": [
                                -2,
                                20.01623,
                                0.37615
                            ],
                            "size": [
                                5,
                                1,
                                1
                            ],
                            "uv": [
                                14,
                                86
                            ]
                        },
                        {
                            "origin": [
                                0,
                                21.01623,
                                -7.62385
                            ],
                            "size": [
                                1,
                                1,
                                1
                            ],
                            "uv": [
                                46,
                                49
                            ]
                        },
                        {
                            "origin": [
                                -1,
                                21.01623,
                                0.37615
                            ],
                            "size": [
                                3,
                                1,
                                1
                            ],
                            "uv": [
                                37,
                                78
                            ]
                        }
                    ],
                    "name": "head",
                    "parent": "total",
                    "pivot": [
                        0,
                        12,
                        0
                    ]
                },
                {
                    "cubes": [
                        {
                            "origin": [
                                -3,
                                12.01623,
                                -8.62385
                            ],
                            "size": [
                                7,
                                1,
                                8
                            ],
                            "uv": [
                                19,
                                65
                            ]
                        },
                        {
                            "origin": [
                                -4,
                                13.01623,
                                -9.62385
                            ],
                            "size": [
                                9,
                                1,
                                10
                            ],
                            "uv": [
                                37,
                                16
                            ]
                        }
                    ],
                    "name": "mouth",
                    "parent": "head",
                    "pivot": [
                        0,
                        0.01623,
                        -0.62385
                    ]
                },
                {
                    "cubes": [
                        {
                            "origin": [
                                -2.5,
                                18.01623,
                                -12.62385
                            ],
                            "size": [
                                6,
                                1,
                                2
                            ],
                            "uv": [
                                79,
                                24
                            ]
                        },
                        {
                            "origin": [
                                -3,
                                19.01623,
                                -12.62385
                            ],
                            "size": [
                                7,
                                1,
                                3
                            ],
                            "uv": [
                                90,
                                32
                            ]
                        },
                        {
                            "origin": [
                                -2,
                                20.01623,
                                -11.62385
                            ],
                            "size": [
                                5,
                                1,
                                3
                            ],
                            "uv": [
                                106,
                                7
                            ]
                        },
                        {
                            "origin": [
                                -1,
                                21.01623,
                                -10.62385
                            ],
                            "size": [
                                3,
                                1,
                                3
                            ],
                            "uv": [
                                53,
                                65
                            ]
                        },
                        {
                            "origin": [
                                -1,
                                21.01623,
                                1.37615
                            ],
                            "size": [
                                3,
                                1,
                                5
                            ],
                            "uv": [
                                96,
                                37
                            ]
                        },
                        {
                            "origin": [
                                -2,
                                20.01623,
                                1.37615
                            ],
                            "size": [
                                5,
                                1,
                                5
                            ],
                            "uv": [
                                72,
                                39
                            ]
                        },
                        {
                            "origin": [
                                -2,
                                19.01623,
                                1.37615
                            ],
                            "size": [
                                5,
                                1,
                                4
                            ],
                            "uv": [
                                47,
                                28
                            ]
                        },
                        {
                            "origin": [
                                -1,
                                18.01623,
                                2.37615
                            ],
                            "size": [
                                3,
                                1,
                                3
                            ],
                            "uv": [
                                36,
                                39
                            ]
                        },
                        {
                            "origin": [
                                0,
                                17.01623,
                                2.37615
                            ],
                            "size": [
                                1,
                                1,
                                2
                            ],
                            "uv": [
                                0,
                                85
                            ]
                        },
                        {
                            "origin": [
                                -1,
                                16.01623,
                                3.37615
                            ],
                            "size": [
                                3,
                                1,
                                2
                            ],
                            "uv": [
                                40,
                                57
                            ]
                        },
                        {
                            "origin": [
                                -2,
                                15.01623,
                                3.37615
                            ],
                            "size": [
                                5,
                                1,
                                3
                            ],
                            "uv": [
                                104,
                                101
                            ]
                        },
                        {
                            "origin": [
                                -2,
                                14.01623,
                                3.37615
                            ],
                            "size": [
                                5,
                                1,
                                3
                            ],
                            "uv": [
                                24,
                                104
                            ]
                        },
                        {
                            "origin": [
                                -1,
                                14.01623,
                                6.37615
                            ],
                            "size": [
                                3,
                                1,
                                1
                            ],
                            "uv": [
                                15,
                                67
                            ]
                        },
                        {
                            "origin": [
                                -1,
                                13.01623,
                                1.37615
                            ],
                            "size": [
                                3,
                                1,
                                4
                            ],
                            "uv": [
                                71,
                                104
                            ]
                        },
                        {
                            "origin": [
                                0,
                                12.01623,
                                0.37615
                            ],
                            "size": [
                                1,
                                1,
                                2
                            ],
                            "uv": [
                                67,
                                82
                            ]
                        },
                        {
                            "origin": [
                                0,
                                21.71623,
                                -7.62385
                            ],
                            "size": [
                                1,
                                1,
                                9
                            ],
                            "uv": [
                                73,
                                73
                            ]
                        },
                        {
                            "origin": [
                                0,
                                22.01623,
                                1.37615
                            ],
                            "size": [
                                1,
                                1,
                                6
                            ],
                            "uv": [
                                101,
                                73
                            ]
                        },
                        {
                            "origin": [
                                0,
                                22.01623,
                                -9.62385
                            ],
                            "size": [
                                1,
                                1,
                                2
                            ],
                            "uv": [
                                69,
                                22
                            ]
                        },
                        {
                            "origin": [
                                0,
                                23.01623,
                                5.37615
                            ],
                            "size": [
                                1,
                                1,
                                3
                            ],
                            "uv": [
                                0,
                                64
                            ]
                        },
                        {
                            "origin": [
                                5,
                                18.01623,
                                -10.62385
                            ],
                            "size": [
                                2,
                                1,
                                1
                            ],
                            "uv": [
                                85,
                                3
                            ]
                        },
                        {
                            "origin": [
                                6,
                                19.01623,
                                -1.62385
                            ],
                            "size": [
                                2,
                                1,
                                1
                            ],
                            "uv": [
                                85,
                                0
                            ]
                        },
                        {
                            "origin": [
                                6,
                                19.01623,
                                -0.62385
                            ],
                            "size": [
                                2,
                                2,
                                1
                            ],
                            "uv": [
                                49,
                                82
                            ]
                        },
                        {
                            "origin": [
                                7,
                                17.01623,
                                -3.62385
                            ],
                            "size": [
                                1,
                                2,
                                2
                            ],
                            "uv": [
                                74,
                                6
                            ]
                        },
                        {
                            "origin": [
                                7,
                                15.01623,
                                -3.62385
                            ],
                            "size": [
                                1,
                                2,
                                3
                            ],
                            "uv": [
                                55,
                                55
                            ]
                        },
                        {
                            "mirror": true,
                            "origin": [
                                -7,
                                19.01623,
                                -1.62385
                            ],
                            "size": [
                                2,
                                1,
                                1
                            ],
                            "uv": [
                                85,
                                0
                            ]
                        },
                        {
                            "mirror": true,
                            "origin": [
                                -7,
                                19.01623,
                                -0.62385
                            ],
                            "size": [
                                2,
                                2,
                                1
                            ],
                            "uv": [
                                49,
                                82
                            ]
                        },
                        {
                            "mirror": true,
                            "origin": [
                                -7,
                                19.01623,
                                -7.62385
                            ],
                            "size": [
                                3,
                                2,
                                6
                            ],
                            "uv": [
                                88,
                                78
                            ]
                        },
                        {
                            "mirror": true,
                            "origin": [
                                -7,
                                17.01623,
                                -3.62385
                            ],
                            "size": [
                                1,
                                2,
                                2
                            ],
                            "uv": [
                                74,
                                6
                            ]
                        },
                        {
                            "mirror": true,
                            "origin": [
                                -7,
                                15.01623,
                                -3.62385
                            ],
                            "size": [
                                1,
                                2,
                                3
                            ],
                            "uv": [
                                55,
                                55
                            ]
                        },
                        {
                            "origin": [
                                7,
                                15.01623,
                                -3.62385
                            ],
                            "size": [
                                1,
                                1,
                                1
                            ],
                            "uv": [
                                44,
                                34
                            ]
                        },
                        {
                            "origin": [
                                5,
                                18.01623,
                                -9.62385
                            ],
                            "size": [
                                2,
                                2,
                                1
                            ],
                            "uv": [
                                82,
                                67
                            ]
                        },
                        {
                            "origin": [
                                6,
                                19.01623,
                                -9.62385
                            ],
                            "size": [
                                1,
                                2,
                                1
                            ],
                            "uv": [
                                0,
                                0
                            ]
                        },
                        {
                            "origin": [
                                6,
                                18.01623,
                                -8.62385
                            ],
                            "size": [
                                2,
                                2,
                                1
                            ],
                            "uv": [
                                82,
                                61
                            ]
                        },
                        {
                            "origin": [
                                -6,
                                18.01623,
                                -8.62385
                            ],
                            "size": [
                                2,
                                2,
                                1
                            ],
                            "uv": [
                                82,
                                61
                            ]
                        },
                        {
                            "origin": [
                                5,
                                19.01623,
                                -7.62385
                            ],
                            "size": [
                                3,
                                2,
                                6
                            ],
                            "uv": [
                                88,
                                78
                            ]
                        },
                        {
                            "origin": [
                                7,
                                17.01623,
                                -8.62385
                            ],
                            "pivot": [
                                8,
                                18.01623,
                                -7.62385
                            ],
                            "rotation": [
                                -82.5,
                                0,
                                0
                            ],
                            "size": [
                                1,
                                6,
                                1
                            ],
                            "uv": [
                                71,
                                0
                            ]
                        },
                        {
                            "mirror": true,
                            "origin": [
                                -7,
                                17.01623,
                                -8.62385
                            ],
                            "pivot": [
                                -8,
                                18.01623,
                                -7.62385
                            ],
                            "rotation": [
                                -82.5,
                                0,
                                0
                            ],
                            "size": [
                                1,
                                6,
                                1
                            ],
                            "uv": [
                                71,
                                0
                            ]
                        },
                        {
                            "origin": [
                                5,
                                13.22715,
                                -2.58214
                            ],
                            "pivot": [
                                5,
                                13.01623,
                                -2.62385
                            ],
                            "rotation": [
                                -31.18939,
                                15.09492,
                                -8.95891
                            ],
                            "size": [
                                1,
                                7,
                                5
                            ],
                            "uv": [
                                0,
                                16
                            ]
                        },
                        {
                            "origin": [
                                -6,
                                18.01623,
                                -10.62385
                            ],
                            "size": [
                                2,
                                1,
                                1
                            ],
                            "uv": [
                                79,
                                19
                            ]
                        },
                        {
                            "origin": [
                                -6,
                                18.01623,
                                -9.62385
                            ],
                            "size": [
                                2,
                                2,
                                1
                            ],
                            "uv": [
                                72,
                                33
                            ]
                        },
                        {
                            "origin": [
                                -6,
                                19.01623,
                                -9.62385
                            ],
                            "size": [
                                1,
                                2,
                                1
                            ],
                            "uv": [
                                8,
                                0
                            ]
                        },
                        {
                            "origin": [
                                -7,
                                19.01623,
                                -1.62385
                            ],
                            "size": [
                                2,
                                1,
                                1
                            ],
                            "uv": [
                                37,
                                81
                            ]
                        },
                        {
                            "origin": [
                                -7,
                                19.01623,
                                -0.62385
                            ],
                            "size": [
                                2,
                                2,
                                1
                            ],
                            "uv": [
                                79,
                                15
                            ]
                        },
                        {
                            "origin": [
                                -7,
                                15.01623,
                                -3.62385
                            ],
                            "size": [
                                1,
                                1,
                                1
                            ],
                            "uv": [
                                43,
                                0
                            ]
                        },
                        {
                            "origin": [
                                -5,
                                13.22715,
                                -2.58214
                            ],
                            "pivot": [
                                -4,
                                13.01623,
                                -2.62385
                            ],
                            "rotation": [
                                -31.18939,
                                -15.09492,
                                8.95891
                            ],
                            "size": [
                                1,
                                7,
                                5
                            ],
                            "uv": [
                                0,
                                0
                            ]
                        }
                    ],
                    "name": "zhuangshi",
                    "parent": "head",
                    "pivot": [
                        0,
                        0.01623,
                        -0.62385
                    ]
                }
            ],
            "description": {
                "identifier": "geometry.gabina",
                "texture_height": 128,
                "texture_width": 128,
                "visible_bounds_height": 2.5,
                "visible_bounds_offset": [
                    0,
                    0.75,
                    0
                ],
                "visible_bounds_width": 3
            }
        }
    ]
}