{
    "format_version": "1.12",
    "minecraft:recipe_shaped": {
        "description": {
            "identifier":"dragon:reguman_spawn_egg"
        },


        "tags": ["crafting_table"],
        "pattern": [
            "###",
            "#P#",
            "###"
    ],
    "key": {
      "#": {
            "item": "dragon:fire_energy"
        },
      "P": {
            "item": "dragon:fire_core"
        }
    },
    "result": [
        {
        "item": "dragon:reguman_spawn_egg"
    }  
   ]
 }
}