{
	"format_version": "1.8.0",
	"animations": {
		"animation.gabina.attack_w": {
			"animation_length": 2.33333,
			"bones": {
				"total": {
					"rotation": {
						"0.0": [0, 0, 0],
						"0.6667": [-7.5, 0, 0],
						"1.75": [-7.5, 0, 0],
						"2.0": [5, 0, 0],
						"2.3333": [0, 0, 0]
					}
				},
				"arm": {
					"rotation": {
						"0.0": [0, 0, 0],
						"0.6667": [-115, 0, 0],
						"1.75": [-115, 0, 0],
						"2.0": [-100, 0, 0],
						"2.3333": [0, 0, 0]
					}
				},
				"head": {
					"rotation": {
						"0.0": [0, 0, 0],
						"0.6667": [-7.5, 0, 0],
						"1.75": [-7.5, 0, 0],
						"2.0": [-2.5, 0, 0],
						"2.3333": [0, 0, 0]
					}
				},
				"mouth": {
					"rotation": {
						"0.0": [0, 0, 0],
						"0.6667": [2.5, 0, 0],
						"1.75": [2.5, 0, 0],
						"2.3333": [0, 0, 0]
					}
				}
			}
		}
	}
}