{
	"format_version": "1.8.0",
	"animations": {
		"animation.giardo.walk": {
			"loop": true,
			"animation_length": 1,
			"bones": {
				"body": {
					"position": {
						"0.0": [0, 0, 0],
						"0.25": [0, -0.4, 0],
						"0.5": [0, 0, 0],
						"0.75": [0, 0.4, 0],
						"1.0": [0, -0.1, 0]
					}
				},
				"leftleg1": {
					"rotation": {
						"0.0": [0, 0, 0],
						"0.25": [-15, 0, 0],
						"0.5": [0, 0, 0],
						"0.75": [15, 0, 0],
						"1.0": [-2.5, 0, 0]
					}
				},
				"rightleg2": {
					"rotation": {
						"0.0": [0, 0, 0],
						"0.25": [15, 0, 0],
						"0.5": [0, 0, 0],
						"0.75": [-15, 0, 0],
						"1.0": [0, 0, 0]
					}
				},
				"tail": {
					"rotation": {
						"0.0": [0, 0, 0],
						"0.25": [0, 5, 0],
						"0.5": [0, 0, 0],
						"0.75": [0, -5, 0],
						"1.0": [0, 0, 0]
					}
				},
				"head": {
					"rotation": {
						"0.0": [0, 0, 0],
						"0.25": [5, 0, 0],
						"0.5": [0, 0, 0],
						"0.75": [-5, 0, 0],
						"1.0": [0, 0, 0]
					}
				},
				"rightleg1": {
					"rotation": {
						"0.0": [0, 0, 0],
						"0.25": [15, 0, 0],
						"0.5": [0, 0, 0],
						"0.75": [-15, 0, 0],
						"1.0": [0, 0, 0]
					}
				},
				"leftleg2": {
					"rotation": {
						"0.0": [0, 0, 0],
						"0.25": [-15, 0, 0],
						"0.5": [0, 0, 0],
						"0.75": [15, 0, 0],
						"1.0": [0, 0, 0]
					}
				}
			}
		}
	}
}