{
	"format_version": "1.8.0",
	"animations": {
		"animation.hynas.sit": {
			"loop": true,
			"bones": {
				"body": {
					"rotation": [-22.5, 0, 0]
				},
				"rightleg2": {
					"rotation": [-90, 0, 0],
					"position": [0, -2, 0]
				},
				"head": {
					"position": [0, 0, 3]
				},
				"leftleg2": {
					"rotation": [-85, 0, 0],
					"position": [0, -2, 0]
				},
				"tail": {
					"position": [0, -2, 0]
				},
				"leftleg1": {
					"position": [0, 0, 1]
				},
				"rightleg1": {
					"position": [0, 0, 1]
				},
				"neck": {
					"position": [0, 0, 3]
				}
			}
		}
	}
}