{
	"format_version": "1.8.0",
	"animations": {
		"animation.reguman.attack_f": {
			"animation_length": 3,
			"bones": {
				"total": {
					"rotation": {
						"0.0": [0, 0, 0],
						"0.5": [-2.5, 0, 0],
						"1.5417": [-2.5, 0, 0],
						"1.9167": [2.5, 0, 0],
						"2.9583": [0, 0, 0]
					}
				},
				"leftleg": {
					"rotation": {
						"0.0": [0, 0, 0],
						"0.5": [7.5, 0, 0],
						"1.8333": [7.5, 0, 0],
						"2.9583": [0, 0, 0]
					}
				},
				"head": {
					"rotation": {
						"0.0": [0, 0, 0],
						"0.5833": [0, 0, 7.5],
						"1.625": [0, 0, 7.5],
						"1.9167": [5, 0, 7.5],
						"2.9583": [0, 0, 0]
					}
				},
				"month": {
					"rotation": {
						"0.0": [0, 0, 0],
						"0.5833": [7.5, 0, 0],
						"1.9167": [7.5, 0, 0],
						"2.9583": [0, 0, 0]
					}
				},
				"rightarm": {
					"rotation": {
						"0.0": [0, 0, 0],
						"0.5833": [-152.74765, 15.7627, -19.65736],
						"1.6667": [-152.74765, 15.7627, -19.65736],
						"1.9167": [-130.24765, 15.7627, -19.65736],
						"2.9583": [0, 0, 0]
					}
				}
			}
		}
	}
}