{
	"format_version": "1.8.0",
	"animations": {
		"animation.semela.walk": {
			"loop": true,
			"animation_length": 0.6667,
			"bones": {
				"total": {
					"position": {
						"0.0": [0, 0, 0],
						"0.1667": [0, -1, 0],
						"0.3333": [0, 0, 0],
						"0.5": [0, 1, 0],
						"0.6667": [0, 0, 0]
					}
				},
				"head": {
					"rotation": {
						"0.0": [0, 0, 0],
						"0.25": [5, 0, 0],
						"0.5": [0, 0, 0]
					}
				},
				"leftleg": {
					"rotation": [20, 0, 0]
				},
				"rightleg": {
					"rotation": [20, 0, 0]
				},
				"leftfeet": {
					"rotation": {
						"0.0": [57.5, 0, 0],
						"0.3333": [50, 0, 0],
						"0.6667": [57.5, 0, 0]
					}
				},
				"rightfeet": {
					"rotation": {
						"0.0": [57.5, 0, 0],
						"0.3333": [50, 0, 0],
						"0.6667": [57.5, 0, 0]
					}
				},
				"tail": {
					"rotation": {
						"0.0": [0, 0, 0],
						"0.3333": [-2.5, 0, 0],
						"0.6667": [0, 0, 0]
					}
				},
				"left": {
					"rotation": {
						"0.0": [0, 0, 0],
						"0.3333": [0, 22.5, 0],
						"0.6667": [0, 0, 0]
					}
				},
				"right": {
					"rotation": {
						"0.0": [0, 0, 0],
						"0.3333": [0, -22.5, 0],
						"0.6667": [0, 0, 0]
					}
				},
				"arm": {
					"rotation": [22.5, 0, 0]
				}
			}
		}
	}
}