{
	"format_version": "1.8.0",
	"animations": {
		"animation.reguman.sit": {
			"loop": true,
			"animation_length": 2,
			"bones": {
				"total": {
					"position": [0, -2, 0]
				},
				"leg": {
					"rotation": [-90, 0, 0],
					"position": [0, 0, -2]
				},
				"leftleg": {
					"rotation": {
						"0.0": [0, 0, -5],
						"0.5": [2.5, 0, -5],
						"1.0": [0, 0, -5],
						"1.5": [-2.5, 0, -5],
						"2.0": [0, 0, -5]
					}
				},
				"rightleg": {
					"rotation": {
						"0.0": [0, 0, 5],
						"0.5": [2.5, 0, 5],
						"1.0": [0, 0, 5],
						"1.5": [-2.5, 0, 5],
						"2.0": [0, 0, 5]
					}
				},
				"head": {
					"rotation": {
						"0.0": [0, 0, 0],
						"0.5": [1, 0, 0],
						"1.0": [0, 0, 0],
						"1.5": [-1, 0, 0],
						"2.0": [0, 0, 0]
					}
				},
				"arm": {
					"rotation": {
						"0.0": [0, 0, 0],
						"0.5": [-2.5, 0, 0],
						"1.0": [0, 0, 0],
						"1.5": [2.5, 0, 0],
						"2.0": [0, 0, 0]
					}
				},
				"tail": {
					"rotation": {
						"0.0": [0, -2.5, 0],
						"0.5": [0, -5, 0],
						"1.0": [0, 0, 0],
						"1.5": [0, 5, 0],
						"2.0": [0, 0, 0]
					}
				}
			}
		},
		"animation.sori.sit": {
			"loop": true,
			"animation_length": 2,
			"bones": {
				"total": {
					"position": [0, -2, 0]
				},
				"leg": {
					"rotation": [-90, 0, 0],
					"position": [0, 4, -5]
				},
				"leftleg": {
					"rotation": {
						"0.0": [0, 0, -5],
						"0.5": [2.5, 0, -5],
						"1.0": [0, 0, -5],
						"1.5": [-2.5, 0, -5],
						"2.0": [0, 0, -5]
					}
				},
				"rightleg": {
					"rotation": {
						"0.0": [0, 0, 5],
						"0.5": [2.5, 0, 5],
						"1.0": [0, 0, 5],
						"1.5": [-2.5, 0, 5],
						"2.0": [0, 0, 5]
					}
				},
				"head": {
					"rotation": {
						"0.0": [0, 0, 0],
						"0.5": [1, 0, 0],
						"1.0": [0, 0, 0],
						"1.5": [-1, 0, 0],
						"2.0": [0, 0, 0]
					}
				},
				"arm": {
					"rotation": {
						"0.0": [0, 0, 0],
						"0.5": [-2.5, 0, 0],
						"1.0": [0, 0, 0],
						"1.5": [2.5, 0, 0],
						"2.0": [0, 0, 0]
					}
				},
				"tail": {
					"rotation": {
						"0.0": [0, -2.5, 0],
						"0.5": [0, -5, 0],
						"1.0": [0, 0, 0],
						"1.5": [0, 5, 0],
						"2.0": [0, 0, 0]
					}
				}
			}
		}
	}
}