{
	"format_version": "1.10.0",
	"minecraft:client_entity": {
		"description": {
			"identifier": "dragon:gabina",
			"materials": {
				"default": "entity_alphatest"
			},
			"textures": {
				"default": "textures/entity/gabina"
			},
			"geometry": {
				"default": "geometry.gabina"
			},
			"render_controllers": ["controller.render.default"],
			"spawn_egg": {
				"texture": "gabina_spawn_egg"
			},
			"animations":{
				"move": "controller.animation.gabina.move",
				"attack": "animation.gabina.attack",
				"sit":"animation.gabina.sit",
				"always":"animation.gabina.always",
				"walk": "animation.gabina.walk"
			},
			"scripts": {
				"animate": [
					{"move": "query.is_moving"},
					{"attack":"query.has_target"},
					{"sit":"query.is_sitting"},
					"always"
				]
			},
			"particle_effects": {
				"waterf": "dragon:waterf"
			}

		}
	}
}