{
	"format_version": "1.10.0",
	"minecraft:client_entity": {
		"description": {
			"identifier": "dragon:giardo",
			"materials": {
				"default": "entity_alphatest"
			},
			"textures": {
				"default": "textures/entity/giardo"
			},
			"geometry": {
				"default": "geometry.giardo"
			},
			"render_controllers": ["controller.render.default"],
			"spawn_egg": {
				"texture": "giardo_spawn_egg"
			},
			"animations":{
				"move": "controller.animation.giardo.move",
				"attack": "animation.giardo.attack",
				"sit":"animation.giardo.sit",
				"always":"animation.giardo.always",
				"walk": "animation.giardo.walk"
			},
			"scripts": {
				"animate": [
					{"move": "query.is_moving"},
					{"attack":"query.has_target"},
					{"sit":"query.is_sitting"},
					"always"
				]
			},
			"particle_effects": {
				"earthf": "dragon:earthf"
			}

		}
	}
}