{
	"format_version": "1.10.0",
	"minecraft:client_entity": {
		"description": {
			"identifier": "dragon:reguman",
			"materials": {
				"default": "entity_alphatest"
			},
			"textures": {
				"default": "textures/entity/reguman"
			},
			"geometry": {
				"default": "geometry.reguman"
			},
			"render_controllers": ["controller.render.default"],
			"spawn_egg": {
				"texture": "reguman_spawn_egg"
			},
			"animations":{
				"move": "controller.animation.reguman.move",
				"attack": "animation.reguman.attack",
				"sit":"animation.reguman.sit",
				"always":"animation.reguman.always",
				"walk": "animation.reguman.walk"
			},
			"scripts": {
				"animate": [
					{"move": "query.is_moving"},
					{"attack":"query.has_target"},
					{"sit":"query.is_sitting"},
					"always"
				]
			},
			"particle_effects": {
				"firef": "dragon:firef"
			}
		}
	}
}