{
	"format_version": "1.10.0",
	"minecraft:client_entity": {
		"description": {
			"identifier": "dragon:semela",
			"materials": {
				"default": "entity_alphatest"
			},
			"textures": {
				"default": "textures/entity/semela"
			},
			"geometry": {
				"default": "geometry.semela"
			},
			"render_controllers": ["controller.render.default"],
			"spawn_egg": {
				"texture": "semela_spawn_egg"
			},
			"animations":{
				"move": "controller.animation.semela.move",
				"attack": "animation.semela.attack",
				"sit":"animation.semela.sit",
				"always":"animation.semela.always",
				"walk": "animation.semela.walk"
			},
			"scripts": {
				"animate": [
					{"move": "!query.is_on_ground"},
					{"attack":"query.has_target"},
					{"sit":"query.is_sitting"},
					"always"
				]
			},
			"particle_effects": {
				"treef": "dragon:treef"
			}

		}
	}
}