{
	"format_version": "1.10.0",
	"minecraft:client_entity": {
		"description": {
			"identifier": "dragon:sori",
			"materials": {
				"default": "entity_alphatest"
			},
			"textures": {
				"default": "textures/entity/sori"
			},
			"geometry": {
				"default": "geometry.sori"
			},
			"render_controllers": ["controller.render.default"],
			"spawn_egg": {
				"texture": "sori_spawn_egg"
			},
			"animations":{
				"move": "controller.animation.sori.move",
				"attack": "animation.sori.attack",
				"sit":"animation.sori.sit",
				"always":"animation.sori.always",
				"walk": "animation.sori.walk"
			},
			"scripts": {
				"animate": [
					{"move": "query.is_moving"},
					{"attack":"query.has_target"},
					{"sit":"query.is_sitting"},
					"always"
				]
			},
			"particle_effects": {
				"lightf": "dragon:lightf"
			}

		}
	}
}