{
	"format_version": "1.10.0",
	"minecraft:client_entity": {
		"description": {
			"identifier": "dragon:reguman_v2",
			"materials": {
				"default": "entity_alphatest"
			},
			"textures": {
				"default": "textures/entity/reguman_v2"
			},
			"geometry": {
				"default": "geometry.reguman_v2"
			},
			"render_controllers": [
				"controller.render.default"
			],
			"animations": {
				"move": "controller.animation.reguman_v2.move",
				"walk": "animation.reguman_v2.walk",
				"always": "animation.reguman_v2.always",
				"born": "animation.reguman_v2.born"
			},
			"scripts": {},
			"particle_effects": {
				"firef": "dragon:firef"
			}
		}
	}
}