{
	"format_version": "1.10.0",
	"particle_effect": {
		"description": {
			"identifier": "dragon:watera",
			"basic_render_parameters": {
				"material": "particles_blend",
				"texture": "textures/particles/watera"
			}
		},
		"curves": {
			"variable.wateracurve": {
				"type": "bezier",
				"nodes": [ 0.0, 1.0, 1.0, 0.0 ],
				"input": "variable.particle_age",
				"horizontal_range": 2
			}
		},
		"components": {
			"minecraft:emitter_rate_instant": {
				"num_particles": 1
			},
			"minecraft:emitter_lifetime_looping": {
				"active_time": 0.2
			},
			"minecraft:emitter_shape_point":{
				"offset":[ "variable.particle_random_1-0.5", 0.01, "variable.particle_random_2-0.5" ],
				"direction": [ 0, 0.01, 0 ]
			},
			"minecraft:particle_lifetime_expression": {
				"max_lifetime": 2
			},
			"minecraft:particle_appearance_billboard": {
				"size":["variable.wateracurve*3","variable.wateracurve*3"],
				"facing_camera_mode": "direction_y"
			},
			"minecraft:particle_appearance_tinting": {
				"color": {
					"gradient": [
						[ 0.7019, 0.3725, 0.8941, 1 ],
						[ 0.3725, 0.8039, 0.8941, 1 ]
					],
					"interpolant": "variable.wateracurve"
				}
			}
		}
	}
}