{
    "format_version": "1.8.0",
    "animations": {
        "animation.reguman.attack": {
            "loop": true,
            "animation_length": 1.8,
            "timeline": {
                "0.0": [
                    "/execute @p ~~~ tag @e[type=!player,family=!dragon,r=4] add target",
                    "/playsound mob.reguman.attack @a[r=10]"
                ],
                "0.1": [
                    "/tp @s @e[tag=target,r=16] ~3~~",
                    "/tp @s ~~~ facing @e[r=6,tag=target]",
                    "/effect @e[tag=target] weekness 5 1 true",
                    "/particle reguman:aureoletrack ~~~"
                ],
                "0.5": [
                    "/particle reguman:aureoletrack ~~~"
                ],
                "1.0":[
                    "/particle reguman:aureoletrack ~~~"
                ],
                "1.5": [
                    "/particle reguman:aureoletrack ~~~"
                ],
                "1.8": [
                    "/damage @e[r=10,tag=target] 20 magic entity @s",
                    "/particle reguman:aureoletrack ~~~"
                ]
            }
        }
    }
}