{
    "format_version": "1.10.0",
    "animation_controllers": {
        "controller.animation.reguman.has_target": {
            "states": {
                "default": {
                    "transitions": [
                        {"has_target": "query.has_target"}
                    ]
                },
                "has_target": {
                    "transitions": [
                        {"default": "query.has_target"}
                    ],
                    "animations": [
                        "attack"
                    ],
                    "on_exit": [
                        "/particle minecraft:lava_drip_particle ~~~"
                    ]
                }
            }
        },
        "controller.animation.reguman.always": {
            "states": {
                "always": {
                    "transitions": [
                    ],
                    "animations": [
                        "always"
                    ],
                    "on_exit": [
                        "/particle reguman:aureoletrack ~~~",
                        "/say success(reguman_always,none)"
                    ]
                }
            }
        },
        "controller.animation.reguman.health1": {
            "states": {
                "default": {
                    "transitions": [
                        {"health1": "query.health <= 20"}
                    ]
                },
                "health1": {
                    "transitions": [
                        {"default": "query.health <= 20"}
                    ],
                    "animations": [
                        "health1"
                    ],
                    "on_exit": [
                        "/say success(health)"
                    ]
                }
            }
        }

    }
}